consensus,batch,tps,orderer_count,round_label,phase,rep,role,role_count,cpu_avg_mean,traffic_in_mb_sum,traffic_out_mb_sum,disk_write_mb_sum,tx_duration_s,traffic_in_mbps,traffic_out_mbps
Raft,100,100,4,retrieveEvidenceAndLog,RETRIEVE,1,ca,3,0.0,0.00072,0.0,0.0,60,9.6e-05,0.0
Raft,100,100,4,retrieveEvidenceAndLog,RETRIEVE,1,chaincode,2,1.095,18.904,20.50382,0.0,60,2.5205333333333333,2.733842666666667
Raft,100,100,4,retrieveEvidenceAndLog,RETRIEVE,1,couchdb,2,1.72,15.44,18.83,33.4,60,2.0586666666666664,2.5106666666666664
Raft,100,100,4,retrieveEvidenceAndLog,RETRIEVE,1,orderer,4,0.42,178.3,214.4,301.6,60,23.773333333333333,28.586666666666666
Raft,100,100,4,retrieveEvidenceAndLog,RETRIEVE,1,peer,2,2.49,172.5,114.37,82.4,60,23.0,15.249333333333334
Raft,100,100,4,retrieveEvidenceAndLog,RETRIEVE,2,ca,3,0.0,0.002163,0.0,0.0,60,0.0002884,0.0
Raft,100,100,4,retrieveEvidenceAndLog,RETRIEVE,2,chaincode,2,1.0,18.904329999999998,20.50361,0.0,60,2.5205773333333332,2.7338146666666665
Raft,100,100,4,retrieveEvidenceAndLog,RETRIEVE,2,couchdb,2,2.68,15.42,18.83,33.4,60,2.056,2.5106666666666664
Raft,100,100,4,retrieveEvidenceAndLog,RETRIEVE,2,orderer,4,0.4025,178.3,214.66,302.0,60,23.773333333333333,28.621333333333332
Raft,100,100,4,retrieveEvidenceAndLog,RETRIEVE,2,peer,2,2.7150000000000003,172.5,114.37,82.4,60,23.0,15.249333333333334
Raft,100,100,4,retrieveEvidenceAndLog,RETRIEVE,3,ca,3,0.0,0.0014429999999999998,0.0,0.0,60,0.0001924,0.0
Raft,100,100,4,retrieveEvidenceAndLog,RETRIEVE,3,chaincode,2,1.12,18.80422,20.50374,0.0,60,2.5072293333333335,2.733832
Raft,100,100,4,retrieveEvidenceAndLog,RETRIEVE,3,couchdb,2,2.275,15.45,18.83,33.4,60,2.06,2.5106666666666664
Raft,100,100,4,retrieveEvidenceAndLog,RETRIEVE,3,orderer,4,0.4325,178.5,215.0,301.6,60,23.8,28.666666666666668
Raft,100,100,4,retrieveEvidenceAndLog,RETRIEVE,3,peer,2,2.3,172.5,114.39,82.4,60,23.0,15.252
Raft,100,100,4,retrieveEvidenceAndLog,RETRIEVE,4,ca,3,0.0,0.00072,0.0,0.0,60,9.6e-05,0.0
Raft,100,100,4,retrieveEvidenceAndLog,RETRIEVE,4,chaincode,2,1.14,18.80402,20.50372,0.0,60,2.5072026666666667,2.7338293333333334
Raft,100,100,4,retrieveEvidenceAndLog,RETRIEVE,4,couchdb,2,2.75,15.53,18.84,33.4,60,2.0706666666666664,2.512
Raft,100,100,4,retrieveEvidenceAndLog,RETRIEVE,4,orderer,4,0.4675,178.2,214.3,301.6,60,23.759999999999998,28.573333333333334
Raft,100,100,4,retrieveEvidenceAndLog,RETRIEVE,4,peer,2,2.915,172.5,114.45,82.4,60,23.0,15.26
Raft,100,100,4,retrieveEvidenceAndLog,RETRIEVE,5,ca,3,0.0,0.0014429999999999998,0.0,0.0,60,0.0001924,0.0
Raft,100,100,4,retrieveEvidenceAndLog,RETRIEVE,5,chaincode,2,1.145,18.80426,20.50372,0.0,60,2.5072346666666667,2.7338293333333334
Raft,100,100,4,retrieveEvidenceAndLog,RETRIEVE,5,couchdb,2,3.125,15.45,18.83,33.4,60,2.06,2.5106666666666664
Raft,100,100,4,retrieveEvidenceAndLog,RETRIEVE,5,orderer,4,0.4625,178.1,214.71,302.0,60,23.746666666666666,28.628
Raft,100,100,4,retrieveEvidenceAndLog,RETRIEVE,5,peer,2,2.93,172.5,114.38,82.4,60,23.0,15.250666666666666
Raft,100,100,4,submitEvidence,SUBMIT,1,ca,3,0.0,0.00321,0.0,0.0,60,0.00042800000000000005,0.0
Raft,100,100,4,submitEvidence,SUBMIT,1,chaincode,2,1.035,31.30471,23.203699999999998,0.0,60,4.173961333333334,3.0938266666666663
Raft,100,100,4,submitEvidence,SUBMIT,1,couchdb,2,2.765,27.4,11.17,41.6,60,3.6533333333333333,1.4893333333333334
Raft,100,100,4,submitEvidence,SUBMIT,1,orderer,4,0.40249999999999997,225.1,271.6,388.4,60,30.013333333333332,36.21333333333334
Raft,100,100,4,submitEvidence,SUBMIT,1,peer,2,2.48,205.0,157.9,98.6,60,27.333333333333332,21.053333333333335
Raft,100,100,4,submitEvidence,SUBMIT,2,ca,3,0.0,0.0008539999999999999,0.0,0.0,60,0.00011386666666666667,0.0
Raft,100,100,4,submitEvidence,SUBMIT,2,chaincode,2,1.22,31.30402,23.20374,0.0,60,4.173869333333333,3.093832
Raft,100,100,4,submitEvidence,SUBMIT,2,couchdb,2,1.95,27.5,11.16,41.6,60,3.6666666666666665,1.488
Raft,100,100,4,submitEvidence,SUBMIT,2,orderer,4,0.405,225.3,271.3,388.4,60,30.040000000000003,36.17333333333333
Raft,100,100,4,submitEvidence,SUBMIT,2,peer,2,2.6149999999999998,205.0,157.9,98.6,60,27.333333333333332,21.053333333333335
Raft,100,100,4,submitEvidence,SUBMIT,3,ca,3,0.0,0.002163,0.0,0.0,60,0.0002884,0.0
Raft,100,100,4,submitEvidence,SUBMIT,3,chaincode,2,1.135,31.304650000000002,23.203699999999998,0.0,60,4.173953333333333,3.0938266666666663
Raft,100,100,4,submitEvidence,SUBMIT,3,couchdb,2,3.285,27.5,11.16,41.4,60,3.6666666666666665,1.488
Raft,100,100,4,submitEvidence,SUBMIT,3,orderer,4,0.4525,225.4,271.6,388.4,60,30.053333333333335,36.21333333333334
Raft,100,100,4,submitEvidence,SUBMIT,3,peer,2,3.175,205.0,157.9,98.6,60,27.333333333333332,21.053333333333335
Raft,100,100,4,submitEvidence,SUBMIT,4,ca,3,0.0,0.0007869999999999999,0.0,0.0,60,0.00010493333333333333,0.0
Raft,100,100,4,submitEvidence,SUBMIT,4,chaincode,2,1.09,31.30415,23.203799999999998,0.0,60,4.173886666666666,3.0938399999999997
Raft,100,100,4,submitEvidence,SUBMIT,4,couchdb,2,3.3200000000000003,27.5,11.16,41.4,60,3.6666666666666665,1.488
Raft,100,100,4,submitEvidence,SUBMIT,4,orderer,4,0.4325,225.3,271.8,388.4,60,30.040000000000003,36.24
Raft,100,100,4,submitEvidence,SUBMIT,4,peer,2,2.87,205.0,157.9,98.6,60,27.333333333333332,21.053333333333335
Raft,100,100,4,submitEvidence,SUBMIT,5,ca,3,0.0,0.00396,0.0,0.0,60,0.000528,0.0
Raft,100,100,4,submitEvidence,SUBMIT,5,chaincode,2,1.055,31.30508,23.203699999999998,0.0,60,4.174010666666667,3.0938266666666663
Raft,100,100,4,submitEvidence,SUBMIT,5,couchdb,2,3.225,27.5,11.17,41.4,60,3.6666666666666665,1.4893333333333334
Raft,100,100,4,submitEvidence,SUBMIT,5,orderer,4,0.405,224.7,270.8,388.8,60,29.959999999999997,36.10666666666667
Raft,100,100,4,submitEvidence,SUBMIT,5,peer,2,3.2,204.9,157.9,98.6,60,27.32,21.053333333333335
Raft,100,100,7,retrieveEvidenceAndLog,RETRIEVE,1,ca,3,0.0,0.0014429999999999998,0.0,0.0,60,0.0001924,0.0
Raft,100,100,7,retrieveEvidenceAndLog,RETRIEVE,1,chaincode,2,1.005,18.90412,20.50364,0.0,60,2.5205493333333333,2.7338186666666666
Raft,100,100,7,retrieveEvidenceAndLog,RETRIEVE,1,couchdb,2,1.555,15.43,18.83,33.4,60,2.0573333333333332,2.5106666666666664
Raft,100,100,7,retrieveEvidenceAndLog,RETRIEVE,1,orderer,7,0.25142857142857145,293.0,329.44,527.8000000000001,60,39.06666666666667,43.925333333333334
Raft,100,100,7,retrieveEvidenceAndLog,RETRIEVE,1,peer,2,2.625,172.5,114.4,82.4,60,23.0,15.253333333333334
Raft,100,100,7,retrieveEvidenceAndLog,RETRIEVE,2,ca,3,0.0,0.0007869999999999999,0.0,0.0,60,0.00010493333333333333,0.0
Raft,100,100,7,retrieveEvidenceAndLog,RETRIEVE,2,chaincode,2,1.03,19.00402,20.803720000000002,0.0,60,2.5338693333333335,2.7738293333333335
Raft,100,100,7,retrieveEvidenceAndLog,RETRIEVE,2,couchdb,2,1.3499999999999999,15.35,18.83,33.4,60,2.0466666666666664,2.5106666666666664
Raft,100,100,7,retrieveEvidenceAndLog,RETRIEVE,2,orderer,7,0.2714285714285714,292.9,328.7,527.8000000000001,60,39.05333333333333,43.82666666666667
Raft,100,100,7,retrieveEvidenceAndLog,RETRIEVE,2,peer,2,2.375,173.5,114.39,82.4,60,23.133333333333333,15.252
Raft,100,100,7,retrieveEvidenceAndLog,RETRIEVE,3,ca,3,0.0,0.002163,0.0,0.0,60,0.0002884,0.0
Raft,100,100,7,retrieveEvidenceAndLog,RETRIEVE,3,chaincode,2,1.095,18.80449,20.50376,0.0,60,2.5072653333333337,2.7338346666666666
Raft,100,100,7,retrieveEvidenceAndLog,RETRIEVE,3,couchdb,2,3.835,15.469999999999999,18.83,33.4,60,2.0626666666666664,2.5106666666666664
Raft,100,100,7,retrieveEvidenceAndLog,RETRIEVE,3,orderer,7,0.2785714285714286,292.7,329.25,527.8000000000001,60,39.026666666666664,43.9
Raft,100,100,7,retrieveEvidenceAndLog,RETRIEVE,3,peer,2,3.1999999999999997,172.5,114.41,82.4,60,23.0,15.254666666666667
Raft,100,100,7,retrieveEvidenceAndLog,RETRIEVE,4,ca,3,0.0,0.00108,0.0,0.0,60,0.000144,0.0
Raft,100,100,7,retrieveEvidenceAndLog,RETRIEVE,4,chaincode,2,1.08,18.80414,20.50378,0.0,60,2.5072186666666667,2.7338373333333332
Raft,100,100,7,retrieveEvidenceAndLog,RETRIEVE,4,couchdb,2,3.645,15.440000000000001,18.84,33.4,60,2.058666666666667,2.512
Raft,100,100,7,retrieveEvidenceAndLog,RETRIEVE,4,orderer,7,0.3,292.8,329.34000000000003,527.8000000000001,60,39.04,43.912000000000006
Raft,100,100,7,retrieveEvidenceAndLog,RETRIEVE,4,peer,2,3.175,172.5,114.38,82.4,60,23.0,15.250666666666666
Raft,100,100,7,retrieveEvidenceAndLog,RETRIEVE,5,ca,3,0.0,0.00072,0.0,0.0,60,9.6e-05,0.0
Raft,100,100,7,retrieveEvidenceAndLog,RETRIEVE,5,chaincode,2,1.105,18.80402,20.50372,0.0,60,2.5072026666666667,2.7338293333333334
Raft,100,100,7,retrieveEvidenceAndLog,RETRIEVE,5,couchdb,2,3.6449999999999996,15.469999999999999,18.83,33.2,60,2.0626666666666664,2.5106666666666664
Raft,100,100,7,retrieveEvidenceAndLog,RETRIEVE,5,orderer,7,0.3071428571428572,293.0,329.34999999999997,527.8000000000001,60,39.06666666666667,43.91333333333333
Raft,100,100,7,retrieveEvidenceAndLog,RETRIEVE,5,peer,2,3.395,172.5,114.41,82.4,60,23.0,15.254666666666667
Raft,100,100,7,submitEvidence,SUBMIT,1,ca,3,0.0,0.0017820000000000002,0.0,0.0,60,0.00023760000000000003,0.0
Raft,100,100,7,submitEvidence,SUBMIT,1,chaincode,2,1.245,31.40449,23.20383,0.0,60,4.187265333333333,3.093844
Raft,100,100,7,submitEvidence,SUBMIT,1,couchdb,2,2.21,27.4,11.17,41.6,60,3.6533333333333333,1.4893333333333334
Raft,100,100,7,submitEvidence,SUBMIT,1,orderer,7,0.22428571428571428,370.4,416.62,679.6999999999999,60,49.38666666666666,55.54933333333334
Raft,100,100,7,submitEvidence,SUBMIT,1,peer,2,2.68,206.0,158.9,98.6,60,27.466666666666665,21.186666666666667
Raft,100,100,7,submitEvidence,SUBMIT,2,ca,3,0.0,0.00309,0.0,0.0,60,0.000412,0.0
Raft,100,100,7,submitEvidence,SUBMIT,2,chaincode,2,1.175,31.40484,23.20376,0.0,60,4.187312,3.0938346666666665
Raft,100,100,7,submitEvidence,SUBMIT,2,couchdb,2,2.6,27.5,11.16,41.6,60,3.6666666666666665,1.488
Raft,100,100,7,submitEvidence,SUBMIT,2,orderer,7,0.25857142857142856,370.5,416.2,680.4,60,49.4,55.49333333333333
Raft,100,100,7,submitEvidence,SUBMIT,2,peer,2,2.625,206.0,158.9,98.6,60,27.466666666666665,21.186666666666667
Raft,100,100,7,submitEvidence,SUBMIT,3,ca,3,0.0,0.0017820000000000002,0.0,0.0,60,0.00023760000000000003,0.0
Raft,100,100,7,submitEvidence,SUBMIT,3,chaincode,2,1.02,31.30433,23.20374,0.0,60,4.173910666666667,3.093832
Raft,100,100,7,submitEvidence,SUBMIT,3,couchdb,2,4.135,27.5,11.17,41.6,60,3.6666666666666665,1.4893333333333334
Raft,100,100,7,submitEvidence,SUBMIT,3,orderer,7,0.33142857142857146,370.1,416.59,680.4,60,49.34666666666667,55.54533333333333
Raft,100,100,7,submitEvidence,SUBMIT,3,peer,2,3.05,205.0,157.9,98.6,60,27.333333333333332,21.053333333333335
Raft,100,100,7,submitEvidence,SUBMIT,4,ca,3,0.0,0.00201,0.0,0.0,60,0.000268,0.0
Raft,100,100,7,submitEvidence,SUBMIT,4,chaincode,2,1.135,31.30452,23.203799999999998,0.0,60,4.173936,3.0938399999999997
Raft,100,100,7,submitEvidence,SUBMIT,4,couchdb,2,4.725,27.5,11.16,41.6,60,3.6666666666666665,1.488
Raft,100,100,7,submitEvidence,SUBMIT,4,orderer,7,0.33999999999999997,370.0,416.28,680.4,60,49.333333333333336,55.504
Raft,100,100,7,submitEvidence,SUBMIT,4,peer,2,3.46,205.0,157.9,98.6,60,27.333333333333332,21.053333333333335
Raft,100,100,7,submitEvidence,SUBMIT,5,ca,3,0.0,0.0016480000000000002,0.0,0.0,60,0.00021973333333333335,0.0
Raft,100,100,7,submitEvidence,SUBMIT,5,chaincode,2,1.04,31.30436,23.20376,0.0,60,4.173914666666667,3.0938346666666665
Raft,100,100,7,submitEvidence,SUBMIT,5,couchdb,2,4.425,27.5,11.17,41.6,60,3.6666666666666665,1.4893333333333334
Raft,100,100,7,submitEvidence,SUBMIT,5,orderer,7,0.29857142857142854,370.1,415.78,680.4,60,49.34666666666667,55.43733333333333
Raft,100,100,7,submitEvidence,SUBMIT,5,peer,2,3.215,205.0,157.9,98.6,60,27.333333333333332,21.053333333333335
Raft,100,100,10,retrieveEvidenceAndLog,RETRIEVE,1,ca,3,0.0,6.68e-05,0.0,0.0,60,8.906666666666666e-06,0.0
Raft,100,100,10,retrieveEvidenceAndLog,RETRIEVE,1,chaincode,2,1.005,18.904429999999998,20.50443,0.0,60,2.520590666666666,2.733924
Raft,100,100,10,retrieveEvidenceAndLog,RETRIEVE,1,couchdb,2,2.265,15.42,18.82,33.4,60,2.056,2.509333333333333
Raft,100,100,10,retrieveEvidenceAndLog,RETRIEVE,1,orderer,10,0.178,404.7,441.04,754.0,60,53.96,58.80533333333334
Raft,100,100,10,retrieveEvidenceAndLog,RETRIEVE,1,peer,2,2.29,172.5,114.41,82.4,60,23.0,15.254666666666667
Raft,100,100,10,retrieveEvidenceAndLog,RETRIEVE,2,ca,3,0.0,0.001147,0.0,0.0,60,0.00015293333333333333,0.0
Raft,100,100,10,retrieveEvidenceAndLog,RETRIEVE,2,chaincode,2,1.135,18.80487,20.50451,0.0,60,2.5073160000000003,2.733934666666667
Raft,100,100,10,retrieveEvidenceAndLog,RETRIEVE,2,couchdb,2,1.725,15.42,18.83,33.4,60,2.056,2.5106666666666664
Raft,100,100,10,retrieveEvidenceAndLog,RETRIEVE,2,orderer,10,0.193,404.9,441.05999999999995,754.0,60,53.986666666666665,58.80799999999999
Raft,100,100,10,retrieveEvidenceAndLog,RETRIEVE,2,peer,2,2.62,172.5,114.35,82.4,60,23.0,15.246666666666666
Raft,100,100,10,retrieveEvidenceAndLog,RETRIEVE,3,ca,3,0.0,0.001147,0.0,0.0,60,0.00015293333333333333,0.0
Raft,100,100,10,retrieveEvidenceAndLog,RETRIEVE,3,chaincode,2,0.99,18.904729999999997,20.50443,0.0,60,2.5206306666666665,2.733924
Raft,100,100,10,retrieveEvidenceAndLog,RETRIEVE,3,couchdb,2,4.25,15.45,18.84,33.4,60,2.06,2.512
Raft,100,100,10,retrieveEvidenceAndLog,RETRIEVE,3,orderer,10,0.246,404.5,440.38,755.0,60,53.93333333333333,58.717333333333336
Raft,100,100,10,retrieveEvidenceAndLog,RETRIEVE,3,peer,2,3.27,172.5,114.38,82.4,60,23.0,15.250666666666666
Raft,100,100,10,retrieveEvidenceAndLog,RETRIEVE,4,ca,3,0.0,0.0,0.0,0.0,60,0.0,0.0
Raft,100,100,10,retrieveEvidenceAndLog,RETRIEVE,4,chaincode,2,0.975,18.80433,20.50433,0.0,60,2.507244,2.7339106666666666
Raft,100,100,10,retrieveEvidenceAndLog,RETRIEVE,4,couchdb,2,4.585,15.469999999999999,18.84,33.4,60,2.0626666666666664,2.512
Raft,100,100,10,retrieveEvidenceAndLog,RETRIEVE,4,orderer,10,0.196,404.7,440.49,754.9,60,53.96,58.732
Raft,100,100,10,retrieveEvidenceAndLog,RETRIEVE,4,peer,2,3.14,172.5,114.38,82.4,60,23.0,15.250666666666666
Raft,100,100,10,retrieveEvidenceAndLog,RETRIEVE,5,ca,3,0.0,0.00108,0.0,0.0,60,0.000144,0.0
Raft,100,100,10,retrieveEvidenceAndLog,RETRIEVE,5,chaincode,2,0.985,18.80467,20.50437,0.0,60,2.5072893333333335,2.7339160000000002
Raft,100,100,10,retrieveEvidenceAndLog,RETRIEVE,5,couchdb,2,3.9299999999999997,15.46,18.83,33.2,60,2.0613333333333332,2.5106666666666664
Raft,100,100,10,retrieveEvidenceAndLog,RETRIEVE,5,orderer,10,0.254,404.9,440.68,767.0,60,53.986666666666665,58.757333333333335
Raft,100,100,10,retrieveEvidenceAndLog,RETRIEVE,5,peer,2,3.465,172.5,114.39,82.4,60,23.0,15.252
Raft,100,100,10,submitEvidence,SUBMIT,1,ca,3,0.0,0.0,0.0,0.0,60,0.0,0.0
Raft,100,100,10,submitEvidence,SUBMIT,1,chaincode,2,1.11,31.30477,23.20453,0.0,60,4.173969333333334,3.0939373333333333
Raft,100,100,10,submitEvidence,SUBMIT,1,couchdb,2,3.42,27.4,11.17,41.6,60,3.6533333333333333,1.4893333333333334
Raft,100,100,10,submitEvidence,SUBMIT,1,orderer,10,0.209,511.8,557.1700000000001,971.0,60,68.24,74.28933333333335
Raft,100,100,10,submitEvidence,SUBMIT,1,peer,2,2.605,205.9,158.9,98.6,60,27.453333333333333,21.186666666666667
Raft,100,100,10,submitEvidence,SUBMIT,2,ca,3,0.0,0.00259,0.0,0.0,60,0.0003453333333333333,0.0
Raft,100,100,10,submitEvidence,SUBMIT,2,chaincode,2,1.125,31.40542,23.20441,0.0,60,4.187389333333333,3.0939213333333333
Raft,100,100,10,submitEvidence,SUBMIT,2,couchdb,2,3.085,27.4,11.16,41.6,60,3.6533333333333333,1.488
Raft,100,100,10,submitEvidence,SUBMIT,2,orderer,10,0.233,511.7,557.85,972.0,60,68.22666666666666,74.38000000000001
Raft,100,100,10,submitEvidence,SUBMIT,2,peer,2,2.84,206.0,158.9,98.6,60,27.466666666666665,21.186666666666667
Raft,100,100,10,submitEvidence,SUBMIT,3,ca,3,0.0,0.00259,0.0,0.0,60,0.0003453333333333333,0.0
Raft,100,100,10,submitEvidence,SUBMIT,3,chaincode,2,1.18,31.30553,23.20452,0.0,60,4.174070666666667,3.093936
Raft,100,100,10,submitEvidence,SUBMIT,3,couchdb,2,3.83,27.4,11.17,41.6,60,3.6533333333333333,1.4893333333333334
Raft,100,100,10,submitEvidence,SUBMIT,3,orderer,10,0.217,511.6,558.04,972.0,60,68.21333333333334,74.40533333333333
Raft,100,100,10,submitEvidence,SUBMIT,3,peer,2,3.355,205.9,158.9,98.6,60,27.453333333333333,21.186666666666667
Raft,100,100,10,submitEvidence,SUBMIT,4,ca,3,0.0,0.0,0.0,0.0,60,0.0,0.0
Raft,100,100,10,submitEvidence,SUBMIT,4,chaincode,2,1.22,31.30462,23.204449999999998,0.0,60,4.173949333333334,3.0939266666666665
Raft,100,100,10,submitEvidence,SUBMIT,4,couchdb,2,4.109999999999999,27.5,11.17,41.6,60,3.6666666666666665,1.4893333333333334
Raft,100,100,10,submitEvidence,SUBMIT,4,orderer,10,0.264,511.8,558.21,972.0,60,68.24,74.42800000000001
Raft,100,100,10,submitEvidence,SUBMIT,4,peer,2,3.2699999999999996,206.0,158.0,98.6,60,27.466666666666665,21.066666666666666
Raft,100,100,10,submitEvidence,SUBMIT,5,ca,3,0.0,0.0007869999999999999,0.0,0.0,60,0.00010493333333333333,0.0
Raft,100,100,10,submitEvidence,SUBMIT,5,chaincode,2,1.075,31.30509,23.10461,0.0,60,4.174012,3.080614666666667
Raft,100,100,10,submitEvidence,SUBMIT,5,couchdb,2,4.8149999999999995,27.5,11.17,41.6,60,3.6666666666666665,1.4893333333333334
Raft,100,100,10,submitEvidence,SUBMIT,5,orderer,10,0.264,512.0,558.1999999999999,972.0,60,68.26666666666667,74.42666666666666
Raft,100,100,10,submitEvidence,SUBMIT,5,peer,2,3.4000000000000004,206.1,158.9,98.6,60,27.48,21.186666666666667
SmartBFT,100,100,4,retrieveEvidenceAndLog,RETRIEVE,1,ca,3,0.0,0.001203,0.0,0.0,60,0.00016040000000000002,0.0
SmartBFT,100,100,4,retrieveEvidenceAndLog,RETRIEVE,1,chaincode,2,1.09,18.70421,20.5038,0.0,60,2.493894666666667,2.73384
SmartBFT,100,100,4,retrieveEvidenceAndLog,RETRIEVE,1,couchdb,2,4.15,15.440000000000001,18.82,32.8,60,2.058666666666667,2.509333333333333
SmartBFT,100,100,4,retrieveEvidenceAndLog,RETRIEVE,1,orderer,4,2.6075,283.8,210.84,292.0,60,37.84,28.112000000000002
SmartBFT,100,100,4,retrieveEvidenceAndLog,RETRIEVE,1,peer,2,3.6100000000000003,176.5,227.41,82.4,60,23.533333333333335,30.32133333333333
SmartBFT,100,100,4,retrieveEvidenceAndLog,RETRIEVE,2,ca,3,0.0,0.0014429999999999998,0.0,0.0,60,0.0001924,0.0
SmartBFT,100,100,4,retrieveEvidenceAndLog,RETRIEVE,2,chaincode,2,1.2,18.70422,20.50374,0.0,60,2.493896,2.733832
SmartBFT,100,100,4,retrieveEvidenceAndLog,RETRIEVE,2,couchdb,2,3.67,15.440000000000001,18.83,32.8,60,2.058666666666667,2.5106666666666664
SmartBFT,100,100,4,retrieveEvidenceAndLog,RETRIEVE,2,orderer,4,2.0925,282.4,209.91,292.0,60,37.65333333333333,27.988
SmartBFT,100,100,4,retrieveEvidenceAndLog,RETRIEVE,2,peer,2,3.78,176.5,227.41,82.4,60,23.533333333333335,30.32133333333333
SmartBFT,100,100,4,retrieveEvidenceAndLog,RETRIEVE,3,ca,3,0.0,0.001203,0.0,0.0,60,0.00016040000000000002,0.0
SmartBFT,100,100,4,retrieveEvidenceAndLog,RETRIEVE,3,chaincode,2,1.095,18.70414,20.50368,0.0,60,2.493885333333333,2.733824
SmartBFT,100,100,4,retrieveEvidenceAndLog,RETRIEVE,3,couchdb,2,3.825,15.440000000000001,18.83,32.8,60,2.058666666666667,2.5106666666666664
SmartBFT,100,100,4,retrieveEvidenceAndLog,RETRIEVE,3,orderer,4,2.3600000000000003,283.5,211.06,292.0,60,37.8,28.141333333333332
SmartBFT,100,100,4,retrieveEvidenceAndLog,RETRIEVE,3,peer,2,3.8449999999999998,176.5,227.42,82.4,60,23.533333333333335,30.322666666666667
SmartBFT,100,100,4,retrieveEvidenceAndLog,RETRIEVE,4,ca,3,0.0,0.002163,0.0,0.0,60,0.0002884,0.0
SmartBFT,100,100,4,retrieveEvidenceAndLog,RETRIEVE,4,chaincode,2,1.11,18.604290000000002,20.40364,0.0,60,2.4805720000000004,2.7204853333333334
SmartBFT,100,100,4,retrieveEvidenceAndLog,RETRIEVE,4,couchdb,2,3.115,15.45,18.83,32.6,60,2.06,2.5106666666666664
SmartBFT,100,100,4,retrieveEvidenceAndLog,RETRIEVE,4,orderer,4,2.3375,287.7,215.1,292.0,60,38.36,28.68
SmartBFT,100,100,4,retrieveEvidenceAndLog,RETRIEVE,4,peer,2,3.835,176.5,226.4,82.2,60,23.533333333333335,30.186666666666667
SmartBFT,100,100,4,retrieveEvidenceAndLog,RETRIEVE,5,ca,3,0.0,0.002163,0.0,0.0,60,0.0002884,0.0
SmartBFT,100,100,4,retrieveEvidenceAndLog,RETRIEVE,5,chaincode,2,1.025,18.70467,20.50395,0.0,60,2.493956,2.73386
SmartBFT,100,100,4,retrieveEvidenceAndLog,RETRIEVE,5,couchdb,2,3.385,15.42,18.82,33.0,60,2.056,2.509333333333333
SmartBFT,100,100,4,retrieveEvidenceAndLog,RETRIEVE,5,orderer,4,2.1475,278.9,205.56,292.4,60,37.18666666666666,27.408
SmartBFT,100,100,4,retrieveEvidenceAndLog,RETRIEVE,5,peer,2,3.5,176.5,227.38,82.4,60,23.533333333333335,30.317333333333334
SmartBFT,100,100,4,submitEvidence,SUBMIT,1,ca,3,0.0,0.0017820000000000002,0.0,0.0,60,0.00023760000000000003,0.0
SmartBFT,100,100,4,submitEvidence,SUBMIT,1,chaincode,2,1.145,31.00467,23.104010000000002,0.0,60,4.133956,3.080534666666667
SmartBFT,100,100,4,submitEvidence,SUBMIT,1,couchdb,2,3.7750000000000004,27.5,11.17,40.8,60,3.6666666666666665,1.4893333333333334
SmartBFT,100,100,4,submitEvidence,SUBMIT,1,orderer,4,2.19,363.0,270.3,370.4,60,48.4,36.04
SmartBFT,100,100,4,submitEvidence,SUBMIT,1,peer,2,3.78,209.0,299.9,98.6,60,27.866666666666667,39.986666666666665
SmartBFT,100,100,4,submitEvidence,SUBMIT,2,ca,3,0.0,0.0038900000000000002,0.0,0.0,60,0.0005186666666666667,0.0
SmartBFT,100,100,4,submitEvidence,SUBMIT,2,chaincode,2,1.23,31.105050000000002,23.103740000000002,0.0,60,4.147340000000001,3.0804986666666667
SmartBFT,100,100,4,submitEvidence,SUBMIT,2,couchdb,2,3.8499999999999996,27.4,11.16,40.6,60,3.6533333333333333,1.488
SmartBFT,100,100,4,submitEvidence,SUBMIT,2,orderer,4,2.6275,365.8,273.3,370.0,60,48.77333333333333,36.440000000000005
SmartBFT,100,100,4,submitEvidence,SUBMIT,2,peer,2,3.7800000000000002,209.0,299.9,98.4,60,27.866666666666667,39.986666666666665
SmartBFT,100,100,4,submitEvidence,SUBMIT,3,ca,3,0.0,0.002502,0.0,0.0,60,0.0003336,0.0
SmartBFT,100,100,4,submitEvidence,SUBMIT,3,chaincode,2,1.255,31.104560000000003,23.103720000000003,0.0,60,4.147274666666667,3.0804960000000006
SmartBFT,100,100,4,submitEvidence,SUBMIT,3,couchdb,2,4.074999999999999,27.5,11.16,41.0,60,3.6666666666666665,1.488
SmartBFT,100,100,4,submitEvidence,SUBMIT,3,orderer,4,2.17,363.79999999999995,271.2,370.4,60,48.50666666666666,36.16
SmartBFT,100,100,4,submitEvidence,SUBMIT,3,peer,2,4.045,209.0,299.9,98.6,60,27.866666666666667,39.986666666666665
SmartBFT,100,100,4,submitEvidence,SUBMIT,4,ca,3,0.0,0.001955,0.0,0.0,60,0.0002606666666666667,0.0
SmartBFT,100,100,4,submitEvidence,SUBMIT,4,chaincode,2,1.305,31.10461,23.10388,0.0,60,4.147281333333334,3.0805173333333333
SmartBFT,100,100,4,submitEvidence,SUBMIT,4,couchdb,2,4.4,27.4,11.16,41.0,60,3.6533333333333333,1.488
SmartBFT,100,100,4,submitEvidence,SUBMIT,4,orderer,4,2.115,362.2,270.2,370.4,60,48.29333333333333,36.026666666666664
SmartBFT,100,100,4,submitEvidence,SUBMIT,4,peer,2,3.97,209.0,299.9,98.6,60,27.866666666666667,39.986666666666665
SmartBFT,100,100,4,submitEvidence,SUBMIT,5,ca,3,0.0,0.00396,0.0,0.0,60,0.000528,0.0
SmartBFT,100,100,4,submitEvidence,SUBMIT,5,chaincode,2,1.16,31.20547,23.20409,0.0,60,4.160729333333333,3.093878666666667
SmartBFT,100,100,4,submitEvidence,SUBMIT,5,couchdb,2,4.0649999999999995,27.4,11.17,41.2,60,3.6533333333333333,1.4893333333333334
SmartBFT,100,100,4,submitEvidence,SUBMIT,5,orderer,4,2.1925,356.2,263.9,370.4,60,47.49333333333333,35.18666666666666
SmartBFT,100,100,4,submitEvidence,SUBMIT,5,peer,2,3.71,209.0,300.9,98.6,60,27.866666666666667,40.12
SmartBFT,100,100,7,retrieveEvidenceAndLog,RETRIEVE,1,ca,3,0.0,0.0,0.0,0.0,60,0.0,0.0
SmartBFT,100,100,7,retrieveEvidenceAndLog,RETRIEVE,1,chaincode,2,1.215,18.50374,20.40374,0.0,60,2.4671653333333334,2.7204986666666664
SmartBFT,100,100,7,retrieveEvidenceAndLog,RETRIEVE,1,couchdb,2,3.855,15.39,18.82,32.2,60,2.052,2.509333333333333
SmartBFT,100,100,7,retrieveEvidenceAndLog,RETRIEVE,1,orderer,7,2.545714285714286,550.5,368.8,511.0,60,73.4,49.17333333333333
SmartBFT,100,100,7,retrieveEvidenceAndLog,RETRIEVE,1,peer,2,3.685,179.6,339.35,82.2,60,23.946666666666665,45.24666666666667
SmartBFT,100,100,7,retrieveEvidenceAndLog,RETRIEVE,2,ca,3,0.0,0.0,0.0,0.0,60,0.0,0.0
SmartBFT,100,100,7,retrieveEvidenceAndLog,RETRIEVE,2,chaincode,2,1.155,18.50372,20.50372,0.0,60,2.467162666666667,2.7338293333333334
SmartBFT,100,100,7,retrieveEvidenceAndLog,RETRIEVE,2,couchdb,2,3.9699999999999998,15.370000000000001,18.83,32.4,60,2.0493333333333337,2.5106666666666664
SmartBFT,100,100,7,retrieveEvidenceAndLog,RETRIEVE,2,orderer,7,2.4385714285714286,535.3,353.40999999999997,511.0,60,71.37333333333332,47.12133333333333
SmartBFT,100,100,7,retrieveEvidenceAndLog,RETRIEVE,2,peer,2,3.8950000000000005,180.6,339.35,82.2,60,24.08,45.24666666666667
SmartBFT,100,100,7,retrieveEvidenceAndLog,RETRIEVE,3,ca,3,0.0,0.00108,0.0,0.0,60,0.000144,0.0
SmartBFT,100,100,7,retrieveEvidenceAndLog,RETRIEVE,3,chaincode,2,1.165,18.50515,20.40479,0.0,60,2.4673533333333335,2.7206386666666664
SmartBFT,100,100,7,retrieveEvidenceAndLog,RETRIEVE,3,couchdb,2,3.71,15.38,18.83,32.4,60,2.050666666666667,2.5106666666666664
SmartBFT,100,100,7,retrieveEvidenceAndLog,RETRIEVE,3,orderer,7,2.2385714285714284,538.6,357.09999999999997,511.0,60,71.81333333333333,47.61333333333333
SmartBFT,100,100,7,retrieveEvidenceAndLog,RETRIEVE,3,peer,2,4.050000000000001,179.5,339.34,82.2,60,23.933333333333334,45.24533333333333
SmartBFT,100,100,7,retrieveEvidenceAndLog,RETRIEVE,4,ca,3,0.0,0.0,0.0,0.0,60,0.0,0.0
SmartBFT,100,100,7,retrieveEvidenceAndLog,RETRIEVE,4,chaincode,2,1.29,18.50455,20.404549999999997,0.0,60,2.467273333333333,2.7206066666666664
SmartBFT,100,100,7,retrieveEvidenceAndLog,RETRIEVE,4,couchdb,2,4.39,15.39,18.82,32.2,60,2.052,2.509333333333333
SmartBFT,100,100,7,retrieveEvidenceAndLog,RETRIEVE,4,orderer,7,2.132857142857143,548.4,367.0,511.0,60,73.11999999999999,48.93333333333333
SmartBFT,100,100,7,retrieveEvidenceAndLog,RETRIEVE,4,peer,2,4.32,179.5,339.36,82.2,60,23.933333333333334,45.248000000000005
SmartBFT,100,100,7,retrieveEvidenceAndLog,RETRIEVE,5,ca,3,0.0,0.0022299999999999998,0.0,0.0,60,0.0002973333333333333,0.0
SmartBFT,100,100,7,retrieveEvidenceAndLog,RETRIEVE,5,chaincode,2,1.365,18.40526,20.404529999999998,0.0,60,2.4540346666666664,2.720604
SmartBFT,100,100,7,retrieveEvidenceAndLog,RETRIEVE,5,couchdb,2,3.975,15.42,18.83,32.2,60,2.056,2.5106666666666664
SmartBFT,100,100,7,retrieveEvidenceAndLog,RETRIEVE,5,orderer,7,2.595714285714286,540.8,359.09999999999997,511.0,60,72.10666666666665,47.879999999999995
SmartBFT,100,100,7,retrieveEvidenceAndLog,RETRIEVE,5,peer,2,3.8299999999999996,179.6,339.35,82.2,60,23.946666666666665,45.24666666666667
SmartBFT,100,100,7,submitEvidence,SUBMIT,1,ca,3,0.0,0.001062,0.0,0.0,60,0.0001416,0.0
SmartBFT,100,100,7,submitEvidence,SUBMIT,1,chaincode,2,1.235,30.90409,23.103740000000002,0.0,60,4.120545333333333,3.0804986666666667
SmartBFT,100,100,7,submitEvidence,SUBMIT,1,couchdb,2,4.455,27.4,11.14,39.8,60,3.6533333333333333,1.4853333333333334
SmartBFT,100,100,7,submitEvidence,SUBMIT,1,orderer,7,2.4699999999999998,738.5,507.4,647.5,60,98.46666666666667,67.65333333333334
SmartBFT,100,100,7,submitEvidence,SUBMIT,1,peer,2,3.6849999999999996,212.0,441.9,98.4,60,28.266666666666666,58.919999999999995
SmartBFT,100,100,7,submitEvidence,SUBMIT,2,ca,3,0.0,0.001062,0.0,0.0,60,0.0001416,0.0
SmartBFT,100,100,7,submitEvidence,SUBMIT,2,chaincode,2,1.36,31.00428,23.10386,0.0,60,4.133904,3.0805146666666667
SmartBFT,100,100,7,submitEvidence,SUBMIT,2,couchdb,2,4.345,27.4,11.16,40.6,60,3.6533333333333333,1.488
SmartBFT,100,100,7,submitEvidence,SUBMIT,2,orderer,7,2.0242857142857145,683.6,454.2,647.5,60,91.14666666666668,60.559999999999995
SmartBFT,100,100,7,submitEvidence,SUBMIT,2,peer,2,4.445,213.0,441.9,98.4,60,28.4,58.919999999999995
SmartBFT,100,100,7,submitEvidence,SUBMIT,3,ca,3,0.0,0.001147,0.0,0.0,60,0.00015293333333333333,0.0
SmartBFT,100,100,7,submitEvidence,SUBMIT,3,chaincode,2,1.195,30.80546,23.00483,0.0,60,4.107394666666667,3.0673106666666663
SmartBFT,100,100,7,submitEvidence,SUBMIT,3,couchdb,2,4.195,27.4,11.14,40.0,60,3.6533333333333333,1.4853333333333334
SmartBFT,100,100,7,submitEvidence,SUBMIT,3,orderer,7,2.5285714285714285,724.4,493.79999999999995,647.5,60,96.58666666666666,65.83999999999999
SmartBFT,100,100,7,submitEvidence,SUBMIT,3,peer,2,4.02,213.0,441.9,98.4,60,28.4,58.919999999999995
SmartBFT,100,100,7,submitEvidence,SUBMIT,4,ca,3,0.0,0.0,0.0,0.0,60,0.0,0.0
SmartBFT,100,100,7,submitEvidence,SUBMIT,4,chaincode,2,1.24,30.904919999999997,23.00468,0.0,60,4.120655999999999,3.0672906666666666
SmartBFT,100,100,7,submitEvidence,SUBMIT,4,couchdb,2,3.995,27.4,11.14,40.0,60,3.6533333333333333,1.4853333333333334
SmartBFT,100,100,7,submitEvidence,SUBMIT,4,orderer,7,1.9442857142857142,735.8,505.70000000000005,647.5,60,98.10666666666665,67.42666666666668
SmartBFT,100,100,7,submitEvidence,SUBMIT,4,peer,2,4.095,213.0,441.9,98.4,60,28.4,58.919999999999995
SmartBFT,100,100,7,submitEvidence,SUBMIT,5,ca,3,0.0,0.00072,0.0,0.0,60,9.6e-05,0.0
SmartBFT,100,100,7,submitEvidence,SUBMIT,5,chaincode,2,1.36,30.904899999999998,23.104490000000002,0.0,60,4.120653333333333,3.080598666666667
SmartBFT,100,100,7,submitEvidence,SUBMIT,5,couchdb,2,4.1,27.4,11.14,40.2,60,3.6533333333333333,1.4853333333333334
SmartBFT,100,100,7,submitEvidence,SUBMIT,5,orderer,7,2.551428571428571,700.2,469.4,647.5,60,93.36,62.586666666666666
SmartBFT,100,100,7,submitEvidence,SUBMIT,5,peer,2,4.734999999999999,213.0,441.9,98.6,60,28.4,58.919999999999995
SmartBFT,100,100,10,retrieveEvidenceAndLog,RETRIEVE,1,ca,3,0.0,0.001803,0.0,0.0,60,0.0002404,0.0
SmartBFT,100,100,10,retrieveEvidenceAndLog,RETRIEVE,1,chaincode,2,1.285,18.10547,20.3048,0.0,60,2.4140626666666667,2.7073066666666668
SmartBFT,100,100,10,retrieveEvidenceAndLog,RETRIEVE,1,couchdb,2,3.75,15.4,18.85,31.6,60,2.0533333333333332,2.5133333333333336
SmartBFT,100,100,10,retrieveEvidenceAndLog,RETRIEVE,1,orderer,10,2.541,853.4,562.0,730.0,60,113.78666666666666,74.93333333333334
SmartBFT,100,100,10,retrieveEvidenceAndLog,RETRIEVE,1,peer,2,3.72,182.6,451.38,82.2,60,24.346666666666668,60.184
SmartBFT,100,100,10,retrieveEvidenceAndLog,RETRIEVE,2,ca,3,0.0,0.00108,0.0,0.0,60,0.000144,0.0
SmartBFT,100,100,10,retrieveEvidenceAndLog,RETRIEVE,2,chaincode,2,1.365,18.204829999999998,20.404529999999998,0.0,60,2.427310666666666,2.720604
SmartBFT,100,100,10,retrieveEvidenceAndLog,RETRIEVE,2,couchdb,2,3.61,15.41,18.84,31.6,60,2.054666666666667,2.512
SmartBFT,100,100,10,retrieveEvidenceAndLog,RETRIEVE,2,orderer,10,2.3259999999999996,831.7,540.7,730.0,60,110.89333333333335,72.09333333333333
SmartBFT,100,100,10,retrieveEvidenceAndLog,RETRIEVE,2,peer,2,4.64,183.6,451.36,82.2,60,24.48,60.181333333333335
SmartBFT,100,100,10,retrieveEvidenceAndLog,RETRIEVE,3,ca,3,0.0,0.0,0.0,0.0,60,0.0,0.0
SmartBFT,100,100,10,retrieveEvidenceAndLog,RETRIEVE,3,chaincode,2,1.34,18.10454,20.30448,0.0,60,2.4139386666666667,2.7072640000000003
SmartBFT,100,100,10,retrieveEvidenceAndLog,RETRIEVE,3,couchdb,2,3.9299999999999997,15.4,18.83,31.6,60,2.0533333333333332,2.5106666666666664
SmartBFT,100,100,10,retrieveEvidenceAndLog,RETRIEVE,3,orderer,10,2.304,832.7,542.6,730.0,60,111.02666666666667,72.34666666666666
SmartBFT,100,100,10,retrieveEvidenceAndLog,RETRIEVE,3,peer,2,4.79,183.6,451.36,82.2,60,24.48,60.181333333333335
SmartBFT,100,100,10,retrieveEvidenceAndLog,RETRIEVE,4,ca,3,0.0,0.0,0.0,0.0,60,0.0,0.0
SmartBFT,100,100,10,retrieveEvidenceAndLog,RETRIEVE,4,chaincode,2,1.375,18.10443,20.30443,0.0,60,2.413924,2.707257333333333
SmartBFT,100,100,10,retrieveEvidenceAndLog,RETRIEVE,4,couchdb,2,3.745,15.360000000000001,18.84,31.8,60,2.048,2.512
SmartBFT,100,100,10,retrieveEvidenceAndLog,RETRIEVE,4,orderer,10,2.4739999999999998,830.0,538.8000000000001,730.0,60,110.66666666666667,71.84
SmartBFT,100,100,10,retrieveEvidenceAndLog,RETRIEVE,4,peer,2,4.38,182.6,451.35,82.2,60,24.346666666666668,60.18
SmartBFT,100,100,10,retrieveEvidenceAndLog,RETRIEVE,5,ca,3,0.0,0.0007869999999999999,0.0,0.0,60,0.00010493333333333333,0.0
SmartBFT,100,100,10,retrieveEvidenceAndLog,RETRIEVE,5,chaincode,2,1.415,17.30488,20.10471,0.0,60,2.307317333333333,2.680628
SmartBFT,100,100,10,retrieveEvidenceAndLog,RETRIEVE,5,couchdb,2,4.585,15.44,18.95,31.6,60,2.0586666666666664,2.5266666666666664
SmartBFT,100,100,10,retrieveEvidenceAndLog,RETRIEVE,5,orderer,10,2.707,911.1,619.6,730.0,60,121.48,82.61333333333333
SmartBFT,100,100,10,retrieveEvidenceAndLog,RETRIEVE,5,peer,2,4.47,180.6,448.35,82.2,60,24.08,59.78
SmartBFT,100,100,10,submitEvidence,SUBMIT,1,ca,3,0.0,0.001147,0.0,0.0,60,0.00015293333333333333,0.0
SmartBFT,100,100,10,submitEvidence,SUBMIT,1,chaincode,2,1.34,30.20533,22.904799999999998,0.0,60,4.027377333333333,3.053973333333333
SmartBFT,100,100,10,submitEvidence,SUBMIT,1,couchdb,2,4.405,27.4,11.14,39.0,60,3.6533333333333333,1.4853333333333334
SmartBFT,100,100,10,submitEvidence,SUBMIT,1,orderer,10,2.782,1132.2,763.1,925.0,60,150.96,101.74666666666667
SmartBFT,100,100,10,submitEvidence,SUBMIT,1,peer,2,4.305,216.1,582.9,98.4,60,28.813333333333333,77.72
SmartBFT,100,100,10,submitEvidence,SUBMIT,2,ca,3,0.0,0.00108,0.0,0.0,60,0.000144,0.0
SmartBFT,100,100,10,submitEvidence,SUBMIT,2,chaincode,2,1.405,30.40534,23.00481,0.0,60,4.054045333333333,3.0673079999999997
SmartBFT,100,100,10,submitEvidence,SUBMIT,2,couchdb,2,3.7,27.4,11.14,39.4,60,3.6533333333333333,1.4853333333333334
SmartBFT,100,100,10,submitEvidence,SUBMIT,2,orderer,10,2.739,1111.7,742.7,924.0,60,148.22666666666666,99.02666666666667
SmartBFT,100,100,10,submitEvidence,SUBMIT,2,peer,2,4.245,216.1,582.9,98.4,60,28.813333333333333,77.72
SmartBFT,100,100,10,submitEvidence,SUBMIT,3,ca,3,0.0,6.68e-05,0.0,0.0,60,8.906666666666666e-06,0.0
SmartBFT,100,100,10,submitEvidence,SUBMIT,3,chaincode,2,1.39,30.50496,23.00479,0.0,60,4.067328,3.067305333333333
SmartBFT,100,100,10,submitEvidence,SUBMIT,3,couchdb,2,4.305,27.4,11.15,39.6,60,3.6533333333333333,1.4866666666666668
SmartBFT,100,100,10,submitEvidence,SUBMIT,3,orderer,10,2.235,1090.7,722.9,925.0,60,145.42666666666668,96.38666666666667
SmartBFT,100,100,10,submitEvidence,SUBMIT,3,peer,2,4.46,216.1,582.9,98.4,60,28.813333333333333,77.72
SmartBFT,100,100,10,submitEvidence,SUBMIT,4,ca,3,0.0,6.68e-05,0.0,0.0,60,8.906666666666666e-06,0.0
SmartBFT,100,100,10,submitEvidence,SUBMIT,4,chaincode,2,1.365,30.50492,23.00475,0.0,60,4.067322666666667,3.0673000000000004
SmartBFT,100,100,10,submitEvidence,SUBMIT,4,couchdb,2,4.3549999999999995,27.4,11.15,40.0,60,3.6533333333333333,1.4866666666666668
SmartBFT,100,100,10,submitEvidence,SUBMIT,4,orderer,10,2.082,1059.1,690.5,925.0,60,141.2133333333333,92.06666666666666
SmartBFT,100,100,10,submitEvidence,SUBMIT,4,peer,2,4.57,216.1,582.9,98.4,60,28.813333333333333,77.72
SmartBFT,100,100,10,submitEvidence,SUBMIT,5,ca,3,0.0,0.002297,0.0,0.0,60,0.00030626666666666667,0.0
SmartBFT,100,100,10,submitEvidence,SUBMIT,5,chaincode,2,1.455,30.4058,23.00491,0.0,60,4.054106666666667,3.067321333333333
SmartBFT,100,100,10,submitEvidence,SUBMIT,5,couchdb,2,4.36,27.4,11.14,39.6,60,3.6533333333333333,1.4853333333333334
SmartBFT,100,100,10,submitEvidence,SUBMIT,5,orderer,10,2.487,1110.1000000000001,741.7,925.0,60,148.01333333333335,98.89333333333335
SmartBFT,100,100,10,submitEvidence,SUBMIT,5,peer,2,4.255,216.1,582.9,98.4,60,28.813333333333333,77.72
