consensus,batch,tps,fault_profile,round_label,phase,rep,role,role_count,cpu_avg_mean,traffic_in_mb_sum,traffic_out_mb_sum,disk_write_mb_sum,tx_duration_s,traffic_in_mbps,traffic_out_mbps
Raft,100,100,high-impact,retrieveEvidenceAndLog,UNSPLIT,1,ca,3,0.0021113333333333336,0.0069,0.0,0.0,60,0.00092,0.0
Raft,100,100,high-impact,retrieveEvidenceAndLog,UNSPLIT,1,chaincode,2,6.5555,25.1,26.848,0.0,60,3.3466666666666667,3.579733333333333
Raft,100,100,high-impact,retrieveEvidenceAndLog,UNSPLIT,1,couchdb,2,18.5401665,20.5,25.259999999999998,51.0,60,2.7333333333333334,3.368
Raft,100,100,high-impact,retrieveEvidenceAndLog,UNSPLIT,1,orderer,10,1.5370999,434.7,483.55,782.0,60,57.96,64.47333333333333
Raft,100,100,high-impact,retrieveEvidenceAndLog,UNSPLIT,1,peer,2,17.904,227.8,151.1,108.6,60,30.373333333333335,20.146666666666665
Raft,100,100,high-impact,retrieveEvidenceAndLog,UNSPLIT,2,ca,3,0.0022223333333333335,0.006500000000000001,0.0,0.0,60,0.0008666666666666667,0.0
Raft,100,100,high-impact,retrieveEvidenceAndLog,UNSPLIT,2,chaincode,2,6.6715,24.652,26.8494,0.0,60,3.2869333333333333,3.57992
Raft,100,100,high-impact,retrieveEvidenceAndLog,UNSPLIT,2,couchdb,2,19.806167000000002,20.6,25.35,51.0,60,2.746666666666667,3.3800000000000003
Raft,100,100,high-impact,retrieveEvidenceAndLog,UNSPLIT,2,orderer,10,1.5876999,434.2,482.98999999999995,782.0,60,57.89333333333333,64.39866666666666
Raft,100,100,high-impact,retrieveEvidenceAndLog,UNSPLIT,2,peer,2,18.052667,227.8,150.2,108.6,60,30.373333333333335,20.026666666666664
Raft,100,100,high-impact,retrieveEvidenceAndLog,UNSPLIT,3,ca,3,0.0035553333333333335,0.0005,0.0,0.0,60,6.666666666666667e-05,0.0
Raft,100,100,high-impact,retrieveEvidenceAndLog,UNSPLIT,3,chaincode,2,6.697833500000001,24.652,26.8483,0.0,60,3.2869333333333333,3.5797733333333333
Raft,100,100,high-impact,retrieveEvidenceAndLog,UNSPLIT,3,couchdb,2,19.6265,20.5,25.259999999999998,51.0,60,2.7333333333333334,3.368
Raft,100,100,high-impact,retrieveEvidenceAndLog,UNSPLIT,3,orderer,10,1.5822332000000001,433.1,482.75,782.0,60,57.74666666666667,64.36666666666666
Raft,100,100,high-impact,retrieveEvidenceAndLog,UNSPLIT,3,peer,2,18.151833500000002,226.8,150.2,108.6,60,30.240000000000002,20.026666666666664
Raft,100,100,high-impact,retrieveEvidenceAndLog,UNSPLIT,4,ca,3,0.010111,0.0001,0.0,0.0,60,1.3333333333333333e-05,0.0
Raft,100,100,high-impact,retrieveEvidenceAndLog,UNSPLIT,4,chaincode,2,6.526167,24.658,26.8663,0.0,60,3.2877333333333336,3.582173333333333
Raft,100,100,high-impact,retrieveEvidenceAndLog,UNSPLIT,4,couchdb,2,19.6543335,20.6,25.35,50.8,60,2.746666666666667,3.3800000000000003
Raft,100,100,high-impact,retrieveEvidenceAndLog,UNSPLIT,4,orderer,10,1.4850999999999999,435.1,483.91,782.0,60,58.013333333333335,64.52133333333333
Raft,100,100,high-impact,retrieveEvidenceAndLog,UNSPLIT,4,peer,2,16.563667,226.9,150.2,108.6,60,30.253333333333334,20.026666666666664
Raft,100,100,high-impact,retrieveEvidenceAndLog,UNSPLIT,5,ca,3,0.0006173333333333333,0.0135,0.0,0.0,60,0.0018,0.0
Raft,100,100,high-impact,retrieveEvidenceAndLog,UNSPLIT,5,chaincode,2,7.0955555,23.751,26.549,0.0,60,3.1668000000000003,3.5398666666666667
Raft,100,100,high-impact,retrieveEvidenceAndLog,UNSPLIT,5,couchdb,2,19.949074,20.5,25.46,52.0,60,2.7333333333333334,3.3946666666666667
Raft,100,100,high-impact,retrieveEvidenceAndLog,UNSPLIT,5,orderer,10,1.3302592,593.9,595.1600000000001,1070.0,60,79.18666666666667,79.35466666666667
Raft,100,100,high-impact,retrieveEvidenceAndLog,UNSPLIT,5,peer,2,16.577963,228.8,148.1,108.6,60,30.506666666666668,19.746666666666666
Raft,100,100,high-impact,submitEvidence,UNSPLIT,1,ca,3,0.0024443333333333335,0.0060999999999999995,0.0,0.0,60,0.0008133333333333332,0.0
Raft,100,100,high-impact,submitEvidence,UNSPLIT,1,chaincode,2,6.9076665,41.087,30.313679999999998,0.0,60,5.478266666666667,4.041824
Raft,100,100,high-impact,submitEvidence,UNSPLIT,1,couchdb,2,19.3485,36.049,14.871,61.730000000000004,60,4.806533333333333,1.9828000000000001
Raft,100,100,high-impact,submitEvidence,UNSPLIT,1,orderer,10,1.6532333000000001,548.135,610.3720000000001,996.63,60,73.08466666666666,81.38293333333334
Raft,100,100,high-impact,submitEvidence,UNSPLIT,1,peer,2,17.6783335,270.119,209.037,130.788,60,36.01586666666667,27.8716
Raft,100,100,high-impact,submitEvidence,UNSPLIT,2,ca,3,0.000588,0.0112,0.0,0.0,60,0.0014933333333333333,0.0
Raft,100,100,high-impact,submitEvidence,UNSPLIT,2,chaincode,2,6.296176,40.986000000000004,30.319,0.0,60,5.4648,4.042533333333333
Raft,100,100,high-impact,submitEvidence,UNSPLIT,2,couchdb,2,17.8825,33.842,14.044,57.730000000000004,60,4.512266666666666,1.8725333333333334
Raft,100,100,high-impact,submitEvidence,UNSPLIT,2,orderer,10,1.4388823,553.395,608.176,947.618,60,73.786,81.09013333333334
Raft,100,100,high-impact,submitEvidence,UNSPLIT,2,peer,2,16.300294,262.224,205.952,123.188,60,34.9632,27.460266666666666
Raft,100,100,high-impact,submitEvidence,UNSPLIT,3,ca,3,0.00020866666666666668,0.003,0.0,0.0,60,0.0004,0.0
Raft,100,100,high-impact,submitEvidence,UNSPLIT,3,chaincode,2,8.065156499999999,40.694,30.2289,0.0,60,5.425866666666667,4.03052
Raft,100,100,high-impact,submitEvidence,UNSPLIT,3,couchdb,2,21.640469,36.242000000000004,14.943999999999999,62.129999999999995,60,4.832266666666667,1.9925333333333333
Raft,100,100,high-impact,submitEvidence,UNSPLIT,3,orderer,10,1.5192185999999999,543.506,609.8629999999999,988.153,60,72.46746666666667,81.31506666666665
Raft,100,100,high-impact,submitEvidence,UNSPLIT,3,peer,2,17.3110935,269.154,207.193,130.788,60,35.8872,27.625733333333336
Raft,100,100,high-impact,submitEvidence,UNSPLIT,4,ca,3,0.0013333333333333333,0.0052,0.0,0.0,60,0.0006933333333333333,0.0
Raft,100,100,high-impact,submitEvidence,UNSPLIT,4,chaincode,2,7.5705,40.983000000000004,30.311899999999998,0.0,60,5.4644,4.041586666666666
Raft,100,100,high-impact,submitEvidence,UNSPLIT,4,couchdb,2,21.313499999999998,36.242000000000004,14.863999999999999,61.730000000000004,60,4.832266666666667,1.9818666666666664
Raft,100,100,high-impact,submitEvidence,UNSPLIT,4,orderer,10,1.6797668000000001,543.635,605.875,986.78,60,72.48466666666667,80.78333333333333
Raft,100,100,high-impact,submitEvidence,UNSPLIT,4,peer,2,18.280667,270.08799999999997,208.10199999999998,130.788,60,36.01173333333333,27.74693333333333
Raft,100,100,high-impact,submitEvidence,UNSPLIT,5,ca,3,0.0003333333333333333,0.0049,0.0,0.0,60,0.0006533333333333333,0.0
Raft,100,100,high-impact,submitEvidence,UNSPLIT,5,chaincode,2,7.446,40.881,30.3109,0.0,60,5.4508,4.041453333333333
Raft,100,100,high-impact,submitEvidence,UNSPLIT,5,couchdb,2,20.4688335,36.239999999999995,14.863999999999999,61.93000000000001,60,4.831999999999999,1.9818666666666664
Raft,100,100,high-impact,submitEvidence,UNSPLIT,5,orderer,10,1.6034,539.452,609.756,978.261,60,71.92693333333334,81.3008
Raft,100,100,high-impact,submitEvidence,UNSPLIT,5,peer,2,17.401833500000002,270.08000000000004,208.09699999999998,130.788,60,36.01066666666667,27.746266666666664
Raft,100,100,limited-impact,retrieveEvidenceAndLog,UNSPLIT,1,ca,3,0.0025556666666666666,0.0031000000000000003,0.0,0.0,60,0.00041333333333333337,0.0
Raft,100,100,limited-impact,retrieveEvidenceAndLog,UNSPLIT,1,chaincode,2,6.4466665,24.754,26.8492,0.0,60,3.3005333333333335,3.579893333333333
Raft,100,100,limited-impact,retrieveEvidenceAndLog,UNSPLIT,1,couchdb,2,18.7298335,20.5,25.259999999999998,50.8,60,2.7333333333333334,3.368
Raft,100,100,limited-impact,retrieveEvidenceAndLog,UNSPLIT,1,orderer,10,1.4110331999999999,434.8,484.78999999999996,782.0,60,57.973333333333336,64.63866666666667
Raft,100,100,limited-impact,retrieveEvidenceAndLog,UNSPLIT,1,peer,2,16.5231665,227.8,151.2,108.6,60,30.373333333333335,20.16
Raft,100,100,limited-impact,retrieveEvidenceAndLog,UNSPLIT,2,ca,3,0.00047633333333333333,0.0158,0.0,0.0,60,0.002106666666666667,0.0
Raft,100,100,limited-impact,retrieveEvidenceAndLog,UNSPLIT,2,chaincode,2,7.0505355000000005,23.751,26.5482,0.0,60,3.1668000000000003,3.5397600000000002
Raft,100,100,limited-impact,retrieveEvidenceAndLog,UNSPLIT,2,couchdb,2,20.962857,20.6,25.46,51.6,60,2.746666666666667,3.3946666666666667
Raft,100,100,limited-impact,retrieveEvidenceAndLog,UNSPLIT,2,orderer,10,1.5225,592.9,494.38,1070.0,60,79.05333333333333,65.91733333333333
Raft,100,100,limited-impact,retrieveEvidenceAndLog,UNSPLIT,2,peer,2,17.026428499999998,225.8,149.1,108.6,60,30.10666666666667,19.88
Raft,100,100,limited-impact,retrieveEvidenceAndLog,UNSPLIT,3,ca,3,0.004222333333333334,0.0019,0.0,0.0,60,0.00025333333333333333,0.0
Raft,100,100,limited-impact,retrieveEvidenceAndLog,UNSPLIT,3,chaincode,2,6.7798335,24.686,26.8864,0.0,60,3.2914666666666665,3.5848533333333332
Raft,100,100,limited-impact,retrieveEvidenceAndLog,UNSPLIT,3,couchdb,2,19.346666499999998,20.5,25.259999999999998,50.6,60,2.7333333333333334,3.368
Raft,100,100,limited-impact,retrieveEvidenceAndLog,UNSPLIT,3,orderer,10,1.5101,433.5,482.74,782.0,60,57.8,64.36533333333334
Raft,100,100,limited-impact,retrieveEvidenceAndLog,UNSPLIT,3,peer,2,17.429333,226.9,150.3,108.6,60,30.253333333333334,20.040000000000003
Raft,100,100,limited-impact,retrieveEvidenceAndLog,UNSPLIT,4,ca,3,0.0,0.0007,0.0,0.0,60,9.333333333333333e-05,0.0
Raft,100,100,limited-impact,retrieveEvidenceAndLog,UNSPLIT,4,chaincode,2,6.875,24.768,26.9658,0.0,60,3.3024,3.5954400000000004
Raft,100,100,limited-impact,retrieveEvidenceAndLog,UNSPLIT,4,couchdb,2,19.7661665,20.5,25.36,50.8,60,2.7333333333333334,3.381333333333333
Raft,100,100,limited-impact,retrieveEvidenceAndLog,UNSPLIT,4,orderer,10,1.5642334,434.6,483.77,782.0,60,57.94666666666667,64.50266666666667
Raft,100,100,limited-impact,retrieveEvidenceAndLog,UNSPLIT,4,peer,2,17.8666665,227.9,151.3,108.6,60,30.386666666666667,20.173333333333336
Raft,100,100,limited-impact,retrieveEvidenceAndLog,UNSPLIT,5,ca,3,0.004222333333333333,0.0057,0.0,0.0,60,0.00076,0.0
Raft,100,100,limited-impact,retrieveEvidenceAndLog,UNSPLIT,5,chaincode,2,6.6231665,24.751,26.8491,0.0,60,3.3001333333333336,3.57988
Raft,100,100,limited-impact,retrieveEvidenceAndLog,UNSPLIT,5,couchdb,2,19.8196665,20.5,25.36,51.0,60,2.7333333333333334,3.381333333333333
Raft,100,100,limited-impact,retrieveEvidenceAndLog,UNSPLIT,5,orderer,10,1.4393999,434.3,482.85,782.0,60,57.906666666666666,64.38000000000001
Raft,100,100,limited-impact,retrieveEvidenceAndLog,UNSPLIT,5,peer,2,17.3701665,228.8,150.1,108.6,60,30.506666666666668,20.013333333333332
Raft,100,100,limited-impact,submitEvidence,UNSPLIT,1,ca,3,0.0022223333333333335,0.0046,0.0,0.0,60,0.0006133333333333334,0.0
Raft,100,100,limited-impact,submitEvidence,UNSPLIT,1,chaincode,2,7.214,41.082,30.3102,0.0,60,5.4776,4.04136
Raft,100,100,limited-impact,submitEvidence,UNSPLIT,1,couchdb,2,19.5846665,36.041,14.863999999999999,61.730000000000004,60,4.805466666666666,1.9818666666666664
Raft,100,100,limited-impact,submitEvidence,UNSPLIT,1,orderer,10,1.671,548.12,610.791,996.6220000000001,60,73.08266666666667,81.4388
Raft,100,100,limited-impact,submitEvidence,UNSPLIT,1,peer,2,17.5965,269.99,208.013,130.788,60,35.998666666666665,27.73506666666667
Raft,100,100,limited-impact,submitEvidence,UNSPLIT,2,ca,3,0.006555666666666667,0.0037999999999999996,0.0,0.0,60,0.0005066666666666667,0.0
Raft,100,100,limited-impact,submitEvidence,UNSPLIT,2,chaincode,2,7.38,41.013,30.3336,0.0,60,5.4684,4.04448
Raft,100,100,limited-impact,submitEvidence,UNSPLIT,2,couchdb,2,19.713,36.245000000000005,14.866,61.93000000000001,60,4.832666666666667,1.9821333333333333
Raft,100,100,limited-impact,submitEvidence,UNSPLIT,2,orderer,10,1.6960666,548.953,611.622,996.618,60,73.19373333333333,81.5496
Raft,100,100,limited-impact,submitEvidence,UNSPLIT,2,peer,2,19.262,270.187,208.229,130.788,60,36.02493333333334,27.76386666666667
Raft,100,100,limited-impact,submitEvidence,UNSPLIT,3,ca,3,0.003778,0.0027,0.0,0.0,60,0.00036,0.0
Raft,100,100,limited-impact,submitEvidence,UNSPLIT,3,chaincode,2,6.9828335,41.084,30.31109,0.0,60,5.477866666666667,4.041478666666666
Raft,100,100,limited-impact,submitEvidence,UNSPLIT,3,couchdb,2,21.311667,36.044,14.863999999999999,61.730000000000004,60,4.805866666666666,1.9818666666666664
Raft,100,100,limited-impact,submitEvidence,UNSPLIT,3,orderer,10,1.6588667000000001,548.157,610.265,996.63,60,73.08760000000001,81.36866666666667
Raft,100,100,limited-impact,submitEvidence,UNSPLIT,3,peer,2,19.0886665,270.079,208.096,130.788,60,36.010533333333335,27.746133333333333
Raft,100,100,limited-impact,submitEvidence,UNSPLIT,4,ca,3,0.0023333333333333335,0.0066,0.0,0.0,60,0.00088,0.0
Raft,100,100,limited-impact,submitEvidence,UNSPLIT,4,chaincode,2,7.8143335,40.986,30.31341,0.0,60,5.464799999999999,4.041788
Raft,100,100,limited-impact,submitEvidence,UNSPLIT,4,couchdb,2,20.584667,36.144000000000005,14.854,61.730000000000004,60,4.8192,1.9805333333333333
Raft,100,100,limited-impact,submitEvidence,UNSPLIT,4,orderer,10,1.7154668000000002,541.23,606.4590000000001,983.057,60,72.164,80.86120000000001
Raft,100,100,limited-impact,submitEvidence,UNSPLIT,4,peer,2,19.9073335,270.091,208.11100000000002,130.788,60,36.01213333333333,27.748133333333335
Raft,100,100,limited-impact,submitEvidence,UNSPLIT,5,ca,3,0.001778,0.0065,0.0,0.0,60,0.0008666666666666666,0.0
Raft,100,100,limited-impact,submitEvidence,UNSPLIT,5,chaincode,2,7.422167,40.787,30.213449999999998,0.0,60,5.438266666666666,4.02846
Raft,100,100,limited-impact,submitEvidence,UNSPLIT,5,couchdb,2,20.036667,36.241,14.863999999999999,62.129999999999995,60,4.832133333333333,1.9818666666666664
Raft,100,100,limited-impact,submitEvidence,UNSPLIT,5,orderer,10,1.7198334,539.186,603.164,978.261,60,71.89146666666667,80.42186666666666
Raft,100,100,limited-impact,submitEvidence,UNSPLIT,5,peer,2,18.4838335,269.06,207.076,130.788,60,35.87466666666667,27.610133333333334
SmartBFT,100,100,high-impact,retrieveEvidenceAndLog,UNSPLIT,1,ca,3,0.00031733333333333337,0.0023,0.0,0.0,60,0.0003066666666666667,0.0
SmartBFT,100,100,high-impact,retrieveEvidenceAndLog,UNSPLIT,1,chaincode,2,5.1095235,24.752,26.9518,0.0,60,3.3002666666666665,3.593573333333333
SmartBFT,100,100,high-impact,retrieveEvidenceAndLog,UNSPLIT,1,couchdb,2,18.472619,20.5,25.32,51.2,60,2.7333333333333334,3.376
SmartBFT,100,100,high-impact,retrieveEvidenceAndLog,UNSPLIT,1,orderer,10,9.3803572,1252.9,1173.1299999999999,1149.0,60,167.05333333333334,156.41733333333332
SmartBFT,100,100,high-impact,retrieveEvidenceAndLog,UNSPLIT,1,peer,2,19.4320235,251.7,497.8,120.6,60,33.559999999999995,66.37333333333333
SmartBFT,100,100,high-impact,retrieveEvidenceAndLog,UNSPLIT,2,ca,3,0.003968333333333333,0.0046,0.0,0.0,60,0.0006133333333333334,0.0
SmartBFT,100,100,high-impact,retrieveEvidenceAndLog,UNSPLIT,2,chaincode,2,5.2596425,24.752,26.8552,0.0,60,3.3002666666666665,3.5806933333333335
SmartBFT,100,100,high-impact,retrieveEvidenceAndLog,UNSPLIT,2,couchdb,2,15.873690499999999,20.5,25.34,51.2,60,2.7333333333333334,3.3786666666666667
SmartBFT,100,100,high-impact,retrieveEvidenceAndLog,UNSPLIT,2,orderer,10,9.7579525,1278.5,1237.6399999999999,1142.0,60,170.46666666666667,165.01866666666666
SmartBFT,100,100,high-impact,retrieveEvidenceAndLog,UNSPLIT,2,peer,2,19.0760715,251.6,498.4,118.6,60,33.54666666666667,66.45333333333333
SmartBFT,100,100,high-impact,retrieveEvidenceAndLog,UNSPLIT,3,ca,3,0.001515,0.003,0.0,0.0,60,0.0004,0.0
SmartBFT,100,100,high-impact,retrieveEvidenceAndLog,UNSPLIT,3,chaincode,2,5.0207955,24.787,26.8844,0.0,60,3.304933333333333,3.5845866666666666
SmartBFT,100,100,high-impact,retrieveEvidenceAndLog,UNSPLIT,3,couchdb,2,8.4805685,8.3,13.219999999999999,16.2,60,1.1066666666666667,1.7626666666666666
SmartBFT,100,100,high-impact,retrieveEvidenceAndLog,UNSPLIT,3,orderer,10,7.1307955,1335.1,1179.17,627.0,60,178.01333333333332,157.22266666666667
SmartBFT,100,100,high-impact,retrieveEvidenceAndLog,UNSPLIT,3,peer,2,15.4277275,163.8,486.2,34.4,60,21.84,64.82666666666667
SmartBFT,100,100,high-impact,retrieveEvidenceAndLog,UNSPLIT,4,ca,3,0.002945666666666667,0.0031000000000000003,0.0,0.0,60,0.00041333333333333337,0.0
SmartBFT,100,100,high-impact,retrieveEvidenceAndLog,UNSPLIT,4,chaincode,2,5.180000000000001,24.768,26.8653,0.0,60,3.3024,3.58204
SmartBFT,100,100,high-impact,retrieveEvidenceAndLog,UNSPLIT,4,couchdb,2,15.187791,20.4,25.42,50.8,60,2.7199999999999998,3.3893333333333335
SmartBFT,100,100,high-impact,retrieveEvidenceAndLog,UNSPLIT,4,orderer,10,8.9634186,1254.9,1155.87,1072.0,60,167.32000000000002,154.11599999999999
SmartBFT,100,100,high-impact,retrieveEvidenceAndLog,UNSPLIT,4,peer,2,18.976395,241.8,500.2,108.6,60,32.24,66.69333333333333
SmartBFT,100,100,high-impact,retrieveEvidenceAndLog,UNSPLIT,5,ca,3,0.0019046666666666667,0.0050999999999999995,0.0,0.0,60,0.0006799999999999999,0.0
SmartBFT,100,100,high-impact,retrieveEvidenceAndLog,UNSPLIT,5,chaincode,2,5.2765475,24.761,26.8663,0.0,60,3.3014666666666668,3.582173333333333
SmartBFT,100,100,high-impact,retrieveEvidenceAndLog,UNSPLIT,5,couchdb,2,16.550238,20.5,25.22,50.9,60,2.7333333333333334,3.3626666666666667
SmartBFT,100,100,high-impact,retrieveEvidenceAndLog,UNSPLIT,5,orderer,10,9.392357200000001,1241.0,1191.52,1072.0,60,165.46666666666667,158.86933333333334
SmartBFT,100,100,high-impact,retrieveEvidenceAndLog,UNSPLIT,5,peer,2,19.405357,241.7,499.8,108.6,60,32.22666666666667,66.64
SmartBFT,100,100,high-impact,submitEvidence,UNSPLIT,1,ca,3,0.0023013333333333336,0.0036,0.0,0.0,60,0.00048,0.0
SmartBFT,100,100,high-impact,submitEvidence,UNSPLIT,1,chaincode,2,5.0361905,41.251000000000005,30.490299999999998,0.0,60,5.500133333333334,4.065373333333333
SmartBFT,100,100,high-impact,submitEvidence,UNSPLIT,1,couchdb,2,16.214881000000002,36.111999999999995,14.841999999999999,62.230000000000004,60,4.814933333333332,1.9789333333333332
SmartBFT,100,100,high-impact,submitEvidence,UNSPLIT,1,orderer,10,8.9808095,1264.3600000000001,906.9010000000001,1082.4189999999999,60,168.58133333333336,120.92013333333334
SmartBFT,100,100,high-impact,submitEvidence,UNSPLIT,1,peer,2,18.764167,299.84000000000003,647.485,147.39,60,39.97866666666667,86.33133333333333
SmartBFT,100,100,high-impact,submitEvidence,UNSPLIT,2,ca,3,0.004318,0.0034000000000000002,0.0,0.0,60,0.00045333333333333337,0.0
SmartBFT,100,100,high-impact,submitEvidence,UNSPLIT,2,chaincode,2,4.7585225,41.089,30.314999999999998,0.0,60,5.478533333333333,4.042
SmartBFT,100,100,high-impact,submitEvidence,UNSPLIT,2,couchdb,2,7.7476135,14.222,6.864000000000001,18.79,60,1.8962666666666665,0.9152000000000001
SmartBFT,100,100,high-impact,submitEvidence,UNSPLIT,2,orderer,10,7.445772700000001,1357.3700000000001,903.299,412.728,60,180.9826666666667,120.43986666666666
SmartBFT,100,100,high-impact,submitEvidence,UNSPLIT,2,peer,2,14.916477,194.73999999999998,623.4910000000001,44.854,60,25.96533333333333,83.13213333333334
SmartBFT,100,100,high-impact,submitEvidence,UNSPLIT,3,ca,3,0.0017423333333333334,0.007299999999999999,0.0,0.0,60,0.0009733333333333332,0.0
SmartBFT,100,100,high-impact,submitEvidence,UNSPLIT,3,chaincode,2,4.916477,41.091,30.41688,0.0,60,5.478800000000001,4.055584
SmartBFT,100,100,high-impact,submitEvidence,UNSPLIT,3,couchdb,2,8.1226135,14.201,6.8629999999999995,18.79,60,1.8934666666666666,0.9150666666666666
SmartBFT,100,100,high-impact,submitEvidence,UNSPLIT,3,orderer,10,8.082409,1357.333,901.281,411.428,60,180.97773333333333,120.1708
SmartBFT,100,100,high-impact,submitEvidence,UNSPLIT,3,peer,2,14.970113999999999,194.72,623.476,44.854,60,25.962666666666667,83.13013333333333
SmartBFT,100,100,high-impact,submitEvidence,UNSPLIT,4,ca,3,0.0015873333333333336,0.0063,0.0,0.0,60,0.00084,0.0
SmartBFT,100,100,high-impact,submitEvidence,UNSPLIT,4,chaincode,2,5.1691665,41.088,30.3156,0.0,60,5.4784,4.04208
SmartBFT,100,100,high-impact,submitEvidence,UNSPLIT,4,couchdb,2,16.4430955,36.162,14.824000000000002,61.790000000000006,60,4.8216,1.9765333333333335
SmartBFT,100,100,high-impact,submitEvidence,UNSPLIT,4,orderer,10,8.3060477,1234.643,863.106,968.824,60,164.61906666666667,115.0808
SmartBFT,100,100,high-impact,submitEvidence,UNSPLIT,4,peer,2,19.652976,284.11,645.5949999999999,130.654,60,37.88133333333334,86.07933333333332
SmartBFT,100,100,high-impact,submitEvidence,UNSPLIT,5,ca,3,0.00022733333333333332,0.0022,0.0,0.0,60,0.0002933333333333333,0.0
SmartBFT,100,100,high-impact,submitEvidence,UNSPLIT,5,chaincode,2,4.8136365,41.188,30.41417,0.0,60,5.491733333333333,4.055222666666666
SmartBFT,100,100,high-impact,submitEvidence,UNSPLIT,5,couchdb,2,7.696932,14.205,6.992000000000001,18.79,60,1.894,0.9322666666666668
SmartBFT,100,100,high-impact,submitEvidence,UNSPLIT,5,orderer,10,7.3069546,1344.987,889.943,410.936,60,179.3316,118.65906666666666
SmartBFT,100,100,high-impact,submitEvidence,UNSPLIT,5,peer,2,14.955795499999999,195.77,623.5500000000001,44.854,60,26.102666666666668,83.14000000000001
SmartBFT,100,100,limited-impact,retrieveEvidenceAndLog,UNSPLIT,1,ca,3,0.0021839999999999997,0.0023,0.0,0.0,60,0.0003066666666666667,0.0
SmartBFT,100,100,limited-impact,retrieveEvidenceAndLog,UNSPLIT,1,chaincode,2,8.024827499999999,24.352,26.7483,0.0,60,3.2469333333333332,3.56644
SmartBFT,100,100,limited-impact,retrieveEvidenceAndLog,UNSPLIT,1,couchdb,2,24.965862,20.5,25.41,51.0,60,2.7333333333333334,3.388
SmartBFT,100,100,limited-impact,retrieveEvidenceAndLog,UNSPLIT,1,orderer,10,10.375931,1042.7,566.03,1072.0,60,139.02666666666667,75.47066666666666
SmartBFT,100,100,limited-impact,retrieveEvidenceAndLog,UNSPLIT,1,peer,2,26.166552,240.7,496.4,108.6,60,32.093333333333334,66.18666666666667
SmartBFT,100,100,limited-impact,retrieveEvidenceAndLog,UNSPLIT,2,ca,3,0.00022999999999999998,0.0021999999999999997,0.0,0.0,60,0.00029333333333333327,0.0
SmartBFT,100,100,limited-impact,retrieveEvidenceAndLog,UNSPLIT,2,chaincode,2,7.8356900000000005,24.167,26.8686,0.0,60,3.222266666666667,3.58248
SmartBFT,100,100,limited-impact,retrieveEvidenceAndLog,UNSPLIT,2,couchdb,2,22.820517000000002,20.5,25.43,51.0,60,2.7333333333333334,3.3906666666666667
SmartBFT,100,100,limited-impact,retrieveEvidenceAndLog,UNSPLIT,2,orderer,10,9.9488965,1051.6,525.19,1072.0,60,140.2133333333333,70.02533333333334
SmartBFT,100,100,limited-impact,retrieveEvidenceAndLog,UNSPLIT,2,peer,2,24.9363795,240.8,497.2,108.6,60,32.10666666666667,66.29333333333334
SmartBFT,100,100,limited-impact,retrieveEvidenceAndLog,UNSPLIT,3,ca,3,0.008046,0.0036,0.0,0.0,60,0.00048,0.0
SmartBFT,100,100,limited-impact,retrieveEvidenceAndLog,UNSPLIT,3,chaincode,2,7.823620999999999,24.168,26.868100000000002,0.0,60,3.2224,3.5824133333333337
SmartBFT,100,100,limited-impact,retrieveEvidenceAndLog,UNSPLIT,3,couchdb,2,25.7306895,20.5,25.43,51.0,60,2.7333333333333334,3.3906666666666667
SmartBFT,100,100,limited-impact,retrieveEvidenceAndLog,UNSPLIT,3,orderer,10,12.0337931,1045.9,472.44,1072.0,60,139.45333333333335,62.992
SmartBFT,100,100,limited-impact,retrieveEvidenceAndLog,UNSPLIT,3,peer,2,27.176724,239.8,497.2,108.6,60,31.973333333333336,66.29333333333334
SmartBFT,100,100,limited-impact,retrieveEvidenceAndLog,UNSPLIT,4,ca,3,0.00022999999999999998,0.0032,0.0,0.0,60,0.00042666666666666667,0.0
SmartBFT,100,100,limited-impact,retrieveEvidenceAndLog,UNSPLIT,4,chaincode,2,7.428276,24.376,26.7847,0.0,60,3.2501333333333333,3.5712933333333337
SmartBFT,100,100,limited-impact,retrieveEvidenceAndLog,UNSPLIT,4,couchdb,2,24.858966000000002,20.5,25.42,50.8,60,2.7333333333333334,3.3893333333333335
SmartBFT,100,100,limited-impact,retrieveEvidenceAndLog,UNSPLIT,4,orderer,10,8.869517,1044.2,470.69,1072.0,60,139.22666666666666,62.75866666666666
SmartBFT,100,100,limited-impact,retrieveEvidenceAndLog,UNSPLIT,4,peer,2,25.7734485,240.2,498.1,108.4,60,32.026666666666664,66.41333333333334
SmartBFT,100,100,limited-impact,retrieveEvidenceAndLog,UNSPLIT,5,ca,3,0.0026666666666666666,0.030199999999999998,0.0,0.0,60,0.004026666666666666,0.0
SmartBFT,100,100,limited-impact,retrieveEvidenceAndLog,UNSPLIT,5,chaincode,2,5.297000000000001,22.453,26.1502,0.0,60,2.993733333333333,3.4866933333333336
SmartBFT,100,100,limited-impact,retrieveEvidenceAndLog,UNSPLIT,5,couchdb,2,20.9155,20.7,25.71,53.4,60,2.76,3.428
SmartBFT,100,100,limited-impact,retrieveEvidenceAndLog,UNSPLIT,5,orderer,10,9.602199899999999,1565.2,1034.09,1083.0,60,208.69333333333333,137.87866666666665
SmartBFT,100,100,limited-impact,retrieveEvidenceAndLog,UNSPLIT,5,peer,2,19.394167,236.7,490.7,110.6,60,31.56,65.42666666666666
SmartBFT,100,100,limited-impact,submitEvidence,UNSPLIT,1,ca,3,0.002758333333333333,0.0046,0.0,0.0,60,0.0006133333333333334,0.0
SmartBFT,100,100,limited-impact,submitEvidence,UNSPLIT,1,chaincode,2,7.9515515,40.585,30.2216,0.0,60,5.411333333333333,4.029546666666667
SmartBFT,100,100,limited-impact,submitEvidence,UNSPLIT,1,couchdb,2,24.239138,36.161,14.853000000000002,61.790000000000006,60,4.821466666666667,1.9804000000000002
SmartBFT,100,100,limited-impact,submitEvidence,UNSPLIT,1,orderer,10,9.724586200000001,940.18,592.0450000000001,963.42,60,125.35733333333333,78.93933333333334
SmartBFT,100,100,limited-impact,submitEvidence,UNSPLIT,1,peer,2,25.7537935,281.89,644.041,130.654,60,37.58533333333333,85.87213333333334
SmartBFT,100,100,limited-impact,submitEvidence,UNSPLIT,2,ca,3,0.0027586666666666666,0.0042,0.0,0.0,60,0.00056,0.0
SmartBFT,100,100,limited-impact,submitEvidence,UNSPLIT,2,chaincode,2,7.5881035,40.598,30.2955,0.0,60,5.4130666666666665,4.0394
SmartBFT,100,100,limited-impact,submitEvidence,UNSPLIT,2,couchdb,2,25.135345,36.163,14.873999999999999,62.19,60,4.8217333333333325,1.9831999999999999
SmartBFT,100,100,limited-impact,submitEvidence,UNSPLIT,2,orderer,10,11.1506552,928.745,580.356,963.736,60,123.83266666666667,77.3808
SmartBFT,100,100,limited-impact,submitEvidence,UNSPLIT,2,peer,2,27.859138,281.86,643.643,130.654,60,37.58133333333333,85.81906666666667
SmartBFT,100,100,limited-impact,submitEvidence,UNSPLIT,3,ca,3,0.0021426666666666664,0.006,0.0,0.0,60,0.0008,0.0
SmartBFT,100,100,limited-impact,submitEvidence,UNSPLIT,3,chaincode,2,9.265,39.585,29.812299999999997,0.0,60,5.2780000000000005,3.974973333333333
SmartBFT,100,100,limited-impact,submitEvidence,UNSPLIT,3,couchdb,2,29.165536000000003,36.108999999999995,14.93,62.03,60,4.814533333333332,1.9906666666666666
SmartBFT,100,100,limited-impact,submitEvidence,UNSPLIT,3,orderer,10,14.4646071,1062.688,712.728,970.715,60,141.69173333333336,95.0304
SmartBFT,100,100,limited-impact,submitEvidence,UNSPLIT,3,peer,2,28.6732145,279.3,641.491,130.79,60,37.24,85.53213333333333
SmartBFT,100,100,limited-impact,submitEvidence,UNSPLIT,4,ca,3,0.002643666666666667,0.0054,0.0,0.0,60,0.00072,0.0
SmartBFT,100,100,limited-impact,submitEvidence,UNSPLIT,4,chaincode,2,7.9494825,40.385,30.11484,0.0,60,5.384666666666666,4.015312
SmartBFT,100,100,limited-impact,submitEvidence,UNSPLIT,4,couchdb,2,24.406896500000002,36.162000000000006,14.863,61.989999999999995,60,4.821600000000001,1.9817333333333333
SmartBFT,100,100,limited-impact,submitEvidence,UNSPLIT,4,orderer,10,11.429793,937.6419999999999,589.295,963.732,60,125.01893333333332,78.57266666666666
SmartBFT,100,100,limited-impact,submitEvidence,UNSPLIT,4,peer,2,27.102069,282.02,643.932,130.654,60,37.602666666666664,85.8576
SmartBFT,100,100,limited-impact,submitEvidence,UNSPLIT,5,ca,3,0.0025286666666666665,0.0027,0.0,0.0,60,0.00036,0.0
SmartBFT,100,100,limited-impact,submitEvidence,UNSPLIT,5,chaincode,2,7.893621,40.384,30.113699999999998,0.0,60,5.384533333333334,4.01516
SmartBFT,100,100,limited-impact,submitEvidence,UNSPLIT,5,couchdb,2,23.782586000000002,36.161,14.873000000000001,61.89,60,4.821466666666667,1.9830666666666668
SmartBFT,100,100,limited-impact,submitEvidence,UNSPLIT,5,orderer,10,9.7584137,936.707,584.869,963.136,60,124.89426666666667,77.98253333333334
SmartBFT,100,100,limited-impact,submitEvidence,UNSPLIT,5,peer,2,26.963448,281.89,643.5699999999999,130.654,60,37.58533333333333,85.80933333333333
