consensus,batch,tps,round_label,phase,orderer_cpu_avg_per_tps__n,orderer_cpu_avg_per_tps__mean,orderer_cpu_avg_per_tps__ci95_low,orderer_cpu_avg_per_tps__ci95_high,orderer_cpu_avg_per_tps__sd,orderer_cpu_cluster_per_tps__n,orderer_cpu_cluster_per_tps__mean,orderer_cpu_cluster_per_tps__ci95_low,orderer_cpu_cluster_per_tps__ci95_high,orderer_cpu_cluster_per_tps__sd,orderer_mb_total_per_tx__n,orderer_mb_total_per_tx__mean,orderer_mb_total_per_tx__ci95_low,orderer_mb_total_per_tx__ci95_high,orderer_mb_total_per_tx__sd,orderer_mb_in_per_tx__n,orderer_mb_in_per_tx__mean,orderer_mb_in_per_tx__ci95_low,orderer_mb_in_per_tx__ci95_high,orderer_mb_in_per_tx__sd,orderer_mb_out_per_tx__n,orderer_mb_out_per_tx__mean,orderer_mb_out_per_tx__ci95_low,orderer_mb_out_per_tx__ci95_high,orderer_mb_out_per_tx__sd,orderer_in_out_ratio__n,orderer_in_out_ratio__mean,orderer_in_out_ratio__ci95_low,orderer_in_out_ratio__ci95_high,orderer_in_out_ratio__sd,orderer_bw_total_mbps__n,orderer_bw_total_mbps__mean,orderer_bw_total_mbps__ci95_low,orderer_bw_total_mbps__ci95_high,orderer_bw_total_mbps__sd
Raft,10,50,submitEvidence,SUBMIT,5.0,0.007453643078694332,0.006902777432655276,0.008004508724733388,0.00044372227341954874,5.0,0.029814572314777327,0.027611109730621104,0.03201803489893355,0.001774889093678195,5.0,0.08421297836938436,0.08403192894890353,0.0843940277898652,0.00014583530672985292,5.0,0.03818302828618969,0.03808353266219897,0.03828252391018041,8.014372431808364e-05,5.0,0.04602995008319467,0.04594675734620562,0.04611314282018373,6.701174897038812e-05,5.0,0.8295251887926061,0.828704938279066,0.8303454393061461,0.000660711782008155,5.0,32.539907088186354,32.440291062979,32.63952311339371,0.0802407074971081
Raft,10,100,submitEvidence,SUBMIT,5.0,0.008071104816267879,0.00784521941901249,0.008296990213523267,0.00018195068565835486,5.0,0.032284419265071515,0.03138087767604996,0.03318796085409307,0.0007278027426334194,5.0,0.08368469332499308,0.08346661320511393,0.08390277344487222,0.00017566353479505172,5.0,0.03789922872021123,0.03778972476113017,0.03800873267929229,8.820543815223612e-05,5.0,0.04578546460478185,0.04567658605820372,0.04589434315135998,8.770166838619175e-05,5.0,0.8277562739625026,0.827276290731739,0.8282362571932662,0.00038662648848970555,5.0,54.99452013897843,47.357504817881726,62.631535460075135,6.15161577924338
Raft,10,150,submitEvidence,SUBMIT,5.0,0.008694581280788179,0.008023890550304112,0.009365272011272246,0.0005402413779687909,5.0,0.034778325123152716,0.03209556220121645,0.037461088045088985,0.0021609655118751637,5.0,0.10283374770430269,0.08872494996467825,0.11694254544392713,0.011364636464911962,5.0,0.04666508009008533,0.040187683068730884,0.05314247711143978,0.005217543248200001,5.0,0.05616866761421735,0.04853599716896448,0.06380133805947022,0.006148115981786388,5.0,0.8306257605867687,0.8268676199615635,0.8343839012119739,0.0030271822431420484,5.0,62.84658262386292,57.539903615948695,68.15326163177714,4.27452989786288
Raft,10,200,submitEvidence,SUBMIT,5.0,0.008233161408071912,0.007884887423640038,0.008581435392503787,0.00028053469163702275,5.0,0.03293264563228765,0.03153954969456015,0.034325741570015146,0.001122138766548091,5.0,0.25060094612340933,0.19361036209259286,0.3075915301542258,0.04590591497489901,5.0,0.11947695240564378,0.09061332368128383,0.14834058113000373,0.023249652703524644,5.0,0.13112399371776556,0.10297988954185158,0.15926809789367954,0.022670075685583345,5.0,0.9075245075021637,0.8726816537713545,0.9423673612329729,0.028065918397756313,5.0,200.03756131251913,154.55520893011317,245.5199136949251,36.636034475381564
Raft,100,50,submitEvidence,SUBMIT,5.0,0.006312026247796999,0.005841466461077464,0.006782586034516534,0.0003790359043885743,5.0,0.025248104991187997,0.023365865844309858,0.027130344138066136,0.0015161436175542972,5.0,0.08297711257535048,0.08288627210633424,0.08306795304436672,7.317199705629797e-05,5.0,0.03765637610762942,0.03760251508904945,0.037710237126209384,4.338505002960454e-05,5.0,0.04532073646772105,0.045275741466673805,0.045365731468768294,3.6243472978857243e-05,5.0,0.8308862400055899,0.8300218283341434,0.8317506516770363,0.0006962835943438404,5.0,32.07563976001393,32.016713981037974,32.13456553898988,0.04746471448752006
Raft,100,100,submitEvidence,SUBMIT,5.0,0.005207046953170612,0.005001749837277446,0.005412344069063778,0.00016536682518795772,5.0,0.020828187812682447,0.020006999349109784,0.02164937627625511,0.0006614673007518309,5.0,0.08276160531114736,0.08263948054720073,0.08288373007509399,9.837149636915952e-05,5.0,0.03753080668984084,0.03746813169374355,0.037593481685938124,5.048470884836455e-05,5.0,0.04523079862130653,0.04515886314311609,0.04530273409949697,5.794402709934382e-05,5.0,0.8297625462991831,0.8286206880422915,0.8309044045560747,0.0009197668166711327,5.0,63.95814460443803,63.87826198750177,64.03802722137429,0.06434544729468535
Raft,100,150,submitEvidence,SUBMIT,5.0,0.006056263880625329,0.005630390162535588,0.0064821375987150695,0.0003430412764694674,5.0,0.024225055522501315,0.022521560650142353,0.025928550394860278,0.0013721651058778697,5.0,0.08254486537046525,0.082506986258872,0.0825827444820585,3.0511624081343044e-05,5.0,0.03739783219303359,0.037355980129692566,0.03743968425637461,3.371183668197321e-05,5.0,0.04514703317743166,0.04512657463547909,0.04516749171938424,1.6479355376976764e-05,5.0,0.8283565447145825,0.8272164978027172,0.8294965916264478,0.0009183077782670837,5.0,95.40865508677616,95.0297398749328,95.78757029861953,0.305216200068625
Raft,100,200,submitEvidence,SUBMIT,5.0,0.005754443045273712,0.0048310650165441695,0.006677821074003254,0.0007437809946574248,5.0,0.023017772181094846,0.019324260066176678,0.026711284296013015,0.002975123978629699,5.0,0.08227507341909862,0.08213934018750589,0.08241080665069135,0.0001093331169477887,5.0,0.03727061792925203,0.03717769964573584,0.037363536212768216,7.484567661915977e-05,5.0,0.04500445548984659,0.04493868928736032,0.045070221692332865,5.2974675569639345e-05,5.0,0.82815417574975,0.8262857553510036,0.8300225961484965,0.0015050126160462312,5.0,119.40765767665997,113.99108830592654,124.82422704739339,4.363046584223053
Raft,300,50,submitEvidence,SUBMIT,5.0,0.0050874824148969475,0.004623361355435781,0.005551603474358114,0.0003738495096341467,5.0,0.02034992965958779,0.018493445421743124,0.022206413897432456,0.001495398038536587,5.0,0.08293643926788687,0.08277810631360293,0.0830947722221708,0.00012753719339237906,5.0,0.03763727121464226,0.0375546445962657,0.03771989783301882,6.655574043261132e-05,5.0,0.04529916805324459,0.045221459486741826,0.045376876619747354,6.259424968812665e-05,5.0,0.8308598234584696,0.8302131480804209,0.8315064988365184,0.0005208970117767866,5.0,32.723399667221294,32.459662352938466,32.98713698150412,0.2124404045171572
Raft,300,100,submitEvidence,SUBMIT,5.0,0.004161457488892311,0.0037261734019608636,0.004596741575823758,0.0003506213284951886,5.0,0.016645829955569243,0.014904693607843454,0.018386966303295033,0.0014024853139807543,5.0,0.08269832582072383,0.082583496388337,0.08281315525311066,9.249510685687052e-05,5.0,0.03749416944421108,0.03741820366295477,0.037570135225467385,6.11904361862312e-05,5.0,0.04520415637651275,0.04513179652882294,0.045276516224202555,5.828585672764403e-05,5.0,0.829441576298057,0.8275192688978971,0.831363883698217,0.0015484185952480305,5.0,64.94134993665784,64.81608145783453,65.06661841548116,0.10090375867684663
Raft,300,150,submitEvidence,SUBMIT,5.0,0.005574375472961463,0.004047694787312258,0.007101056158610668,0.001229741279916286,5.0,0.02229750189184585,0.016190779149249032,0.02840422463444267,0.004918965119665144,5.0,0.08250421457619121,0.08240239339600638,0.08260603575637604,8.201695981359229e-05,5.0,0.03738784514407903,0.037345233734978216,0.03743045655317984,3.4323489685327006e-05,5.0,0.04511636943211218,0.045054786427131635,0.04517795243709273,4.960511001268636e-05,5.0,0.828698195347277,0.8282147071087174,0.8291816835858365,0.00038944977224098106,5.0,95.87619223239896,95.29408140650058,96.45830305829735,0.46889026554298774
Raft,300,200,submitEvidence,SUBMIT,5.0,0.005224790036085836,0.004824226992558869,0.005625353079612802,0.0003226535283143029,5.0,0.020899160144343343,0.019296907970235477,0.022501412318451208,0.0012906141132572116,5.0,0.08222330313032986,0.08215891854900273,0.08228768771165698,5.1861779737148225e-05,5.0,0.037242382620385504,0.037201274901447305,0.037283490339323704,3.3112267271533265e-05,5.0,0.04498092050994436,0.04492917719356555,0.04503266382632316,4.167924092373203e-05,5.0,0.82796014466617,0.826607416163017,0.8293128731693229,0.0010896227983254907,5.0,126.01897457927541,125.0499444719311,126.98800468661972,0.7805537436115924
SmartBFT,10,50,submitEvidence,SUBMIT,5.0,0.023253020036616875,0.022559747587434755,0.023946292485798996,0.0005584309521970434,5.0,0.0930120801464675,0.09023899034973902,0.09578516994319598,0.0022337238087881735,5.0,0.09852132673089761,0.09844435098018733,0.09859830248160789,6.200396657322411e-05,5.0,0.05680441667967449,0.05676650816336646,0.056842325195982514,3.053530957885471e-05,5.0,0.041716910051223126,0.04167014384444026,0.04176367625800599,3.7670179184545873e-05,5.0,1.3616645945534476,1.360500898365418,1.362828290741477,0.0009373572700257265,5.0,38.11591021484485,38.089003424379484,38.14281700531022,0.021673419501769715
SmartBFT,10,100,submitEvidence,SUBMIT,5.0,0.02567625530044415,0.02337846646894875,0.027974044131939553,0.0018508688851453623,5.0,0.1027050212017766,0.093513865875795,0.11189617652775821,0.007403475540581449,5.0,0.09810724396336387,0.09804540183390277,0.09816908609282497,4.981383477966637e-05,5.0,0.05660283097418817,0.05657359372927684,0.056632068219099496,2.3550600539102113e-05,5.0,0.04150441298917569,0.04144705282294485,0.04156177315540653,4.620361343402416e-05,5.0,1.3637800174333083,1.3617063587567961,1.3658536761098206,0.0016703320471229991,5.0,53.982377352206505,48.29955282995613,59.66520187445688,4.5775151066118935
SmartBFT,10,150,submitEvidence,SUBMIT,5.0,0.030871750485756255,0.02488459998555468,0.03685890098595783,0.004822649679384938,5.0,0.12348700194302502,0.09953839994221872,0.14743560394383132,0.019290598717539752,5.0,0.22407169421807974,0.11397477948294228,0.3341686089532172,0.08868306392678876,5.0,0.12714729703442199,0.06627390607843195,0.18802068799041202,0.04903351592165514,5.0,0.09692439718365778,0.047680573699835506,0.14616822066748006,0.0396658994170847,5.0,1.3220552316503424,1.2769911946843657,1.3671192686163192,0.03629908141083846,5.0,134.0484653058046,68.32650894599853,199.77042166561068,52.939035315130056
SmartBFT,10,200,submitEvidence,SUBMIT,5.0,0.03708437221552706,0.03293260498967268,0.041236139441381436,0.003344248466774538,5.0,0.14833748886210824,0.13173041995869073,0.16494455776552575,0.013376993867098152,5.0,1.9241812738225128,1.2457918646124548,2.602570683032571,0.5464426636201771,5.0,1.0670027167472458,0.7158983795885805,1.418107053905911,0.28281454073551193,5.0,0.857178557075267,0.5230892110034817,1.1912679031470523,0.26910896555294106,5.0,1.2684528129892343,1.1259388745299004,1.4109667514485682,0.11479497627388051,5.0,1514.5928873403936,990.4131394419343,2038.7726352388531,422.22678268359425
SmartBFT,100,50,submitEvidence,SUBMIT,5.0,0.011377143839024101,0.009981740767754318,0.012772546910293885,0.0011239971625977016,5.0,0.045508575356096405,0.03992696307101727,0.05109018764117554,0.0044959886503908066,5.0,0.09628286189683861,0.09484922161098618,0.09771650218269105,0.0011547972386341079,5.0,0.05582029950083195,0.05510676231704358,0.056533836684620316,0.0005747541957581235,5.0,0.04046256239600665,0.03974223431322915,0.04118289047878415,0.0005802242648388282,5.0,1.379618041773456,1.3726874122175319,1.3865486713293802,0.005582622051122407,5.0,37.911809916805325,37.41431733727308,38.40930249633757,0.40073026878090995
SmartBFT,100,100,submitEvidence,SUBMIT,5.0,0.01885471630451965,0.017731860927586385,0.019977571681452914,0.000904459997018706,5.0,0.0754188652180786,0.07092744371034554,0.07991028672581166,0.003617839988074824,5.0,0.09518401332223148,0.09512312188994912,0.09524490475451383,4.904804820990167e-05,5.0,0.05524729392173189,0.05521594046955344,0.05527864737391033,2.5255205475608538e-05,5.0,0.03993671940049958,0.03990519600966625,0.03996824279133291,2.539209106074224e-05,5.0,1.3833710272263162,1.382816404181028,1.3839256502716044,0.0004467488584842932,5.0,73.74091137385513,73.53947096711013,73.94235178060012,0.16226024600036293
SmartBFT,100,150,submitEvidence,SUBMIT,5.0,0.021000965560209764,0.01833073645413675,0.02367119466628278,0.0021508695232989048,5.0,0.08400386224083906,0.073322945816547,0.09468477866513111,0.008603478093195619,5.0,0.09473473023956974,0.09448001990324154,0.09498944057589795,0.0002051691738478753,5.0,0.05503925231463389,0.054886785570911735,0.05519171905835605,0.00012281196083241237,5.0,0.03969547792493585,0.039584407840835875,0.039806548009035825,8.946695184227728e-05,5.0,1.3865378994919932,1.3845299768352863,1.3885458221487001,0.00161738168370265,5.0,109.18006660299575,108.60539770677818,109.75473549921333,0.4628957912454117
SmartBFT,100,200,submitEvidence,SUBMIT,5.0,0.020747024634886042,0.018251220596226445,0.02324282867354564,0.0020103701329111565,5.0,0.08298809853954417,0.07300488238490578,0.09297131469418256,0.008041480531644626,5.0,0.09426607220683762,0.09399321259984575,0.0945389318138295,0.00021978841122035958,5.0,0.05481033074466972,0.05466726631641397,0.05495339517292547,0.00011523839580043133,5.0,0.03945574146216788,0.03932170442394597,0.0395897785003898,0.00010796683320134837,5.0,1.3891621405933496,1.3873495282491581,1.3909747529375411,0.0014600592285545389,5.0,113.28377947455411,109.65886882996726,116.90869011914096,2.9198654948338554
SmartBFT,300,50,submitEvidence,SUBMIT,5.0,0.01851119210944533,0.017333587839798454,0.019688796379092207,0.0009485602296557656,5.0,0.07404476843778132,0.06933435135919382,0.07875518551636883,0.0037942409186230625,5.0,0.10057371048252912,0.09874009847815653,0.10240732248690172,0.0014769744546602227,5.0,0.05796339434276206,0.05706185501053055,0.058864933674993576,0.0007261899248052675,5.0,0.042610316139767054,0.04167816483168156,0.04354246744785255,0.0007508478711075341,5.0,1.3604119946283093,1.351742129793525,1.3690818594630936,0.0069835760541472605,5.0,39.42487747088187,38.70440041585178,40.145354525911955,0.5803442619870802
SmartBFT,300,100,submitEvidence,SUBMIT,5.0,0.023337326458411585,0.01836703336533861,0.02830761955148456,0.004003571046184748,5.0,0.09334930583364634,0.07346813346135445,0.11323047820593823,0.01601428418473899,5.0,0.10552180264919649,0.10322223866487579,0.10782136663351718,0.0018522987707317465,5.0,0.060447572410936276,0.05930257191222787,0.061592572909644684,0.0009222978924290901,5.0,0.04507423023826022,0.043918616614609995,0.04622984386191044,0.0009308467644837026,5.0,1.341186848123343,1.3320704477061285,1.3503032485405577,0.00734326046217563,5.0,82.62392926041487,81.018238345935,84.22962017489473,1.293384018598986
SmartBFT,300,150,submitEvidence,SUBMIT,5.0,0.01524355097890132,0.008177603149326954,0.022309498808475686,0.005691620919450786,5.0,0.06097420391560528,0.032710412597307816,0.08923799523390274,0.022766483677803144,5.0,0.10540144364242088,0.1008064604678723,0.10999642681696946,0.0037012589098553345,5.0,0.06034203220433092,0.05804184323038664,0.0626422211782752,0.0018528021998684768,5.0,0.04505941143808996,0.0427640158695467,0.04735480700663322,0.0018489411118568118,5.0,1.339624628706605,1.3221420248459155,1.3571072325672944,0.014082237268084196,5.0,122.28971637978903,118.12597132246648,126.45346143711157,3.3538966099250622
SmartBFT,300,200,submitEvidence,SUBMIT,5.0,0.02485490296280296,0.019257319911692564,0.030452486013913357,0.004508853102299541,5.0,0.09941961185121184,0.07702927964677025,0.12180994405565343,0.018035412409198166,5.0,0.11119324915105736,0.10455600307965936,0.11783049522245535,0.005346301656714463,5.0,0.06328957810818131,0.05997168404239446,0.06660747217396816,0.002672563643098905,5.0,0.04790367104287606,0.04458417149236767,0.051223170593384444,0.0026738568610290866,5.0,1.3219369424830822,1.3009931409994406,1.3428807439667239,0.016870231925318325,5.0,139.17400719803135,133.98944303980502,144.35857135625767,4.176166387429037
Raft,10,50,retrieveEvidenceAndLog,RETRIEVE,5.0,0.006922706739900417,0.006736981308991543,0.007108432170809291,0.0001496018330917446,5.0,0.027690826959601667,0.02694792523596617,0.028433728683237163,0.0005984073323669784,5.0,0.06702895174708819,0.06688672351731415,0.06717117997686223,0.00011456483793019514,5.0,0.030409317803660567,0.030315108963928566,0.030503526643392568,7.588521964054011e-05,5.0,0.03661963394342762,0.03656833219458993,0.03667093569226531,4.132355827294679e-05,5.0,0.8304093650378379,0.8288055107944214,0.8320132192812544,0.0012919045800722751,5.0,25.910698169717136,25.860031966927856,25.961364372506416,0.04081162593610106
Raft,10,100,retrieveEvidenceAndLog,RETRIEVE,5.0,0.008393700338315636,0.007794809255225162,0.00899259142140611,0.00048240676257520746,5.0,0.033574801353262546,0.031179237020900648,0.03597036568562444,0.0019296270503008299,5.0,0.06663447127393839,0.06658687648747481,0.06668206606040196,3.833760011064241e-05,5.0,0.030168193172356368,0.03014462135192384,0.030191764992788896,1.8987101167345774e-05,5.0,0.03646627810158201,0.036439322693655136,0.036493233509508886,2.171258086661772e-05,5.0,0.8272902062985905,0.8268655490585953,0.8277148635385857,0.000342061403374134,5.0,42.95613921731889,38.58323259699417,47.32904583764361,3.5223762472280047
Raft,10,150,retrieveEvidenceAndLog,RETRIEVE,5.0,0.009082771192012323,0.008797316781442166,0.00936822560258248,0.00022993352540057822,5.0,0.03633108476804929,0.03518926712576866,0.03747290241032992,0.0009197341016023129,5.0,0.07927100064762445,0.07013799897646501,0.08840400231878388,0.007356632772093542,5.0,0.035909728594461635,0.0317810598040414,0.040038397384881866,0.003325642677219549,5.0,0.043361272053162814,0.03835689336842295,0.04836565073790268,0.004031026989996157,5.0,0.8281775836751187,0.8274529228160259,0.8289022445342116,0.000583714316125746,5.0,48.69310477857683,46.31122911753477,51.07498043961889,1.918600825663648
Raft,10,200,retrieveEvidenceAndLog,RETRIEVE,5.0,0.008678781836491439,0.007466354990106793,0.009891208682876084,0.0009766098149357934,5.0,0.034715127345965754,0.029865419960427173,0.039564834731504336,0.003906439259743173,5.0,0.20782845695240781,0.15797754570713948,0.2576793681976762,0.0401549086040089,5.0,0.09886310820219837,0.07368636337616591,0.12403985302823084,0.020279867753305016,5.0,0.10896534875020943,0.08428727766806898,0.13364341983234987,0.01987818605664187,5.0,0.9032168091442785,0.8679528172618939,0.9384808010266631,0.02840514517543691,5.0,165.8936873432834,126.12173749708244,205.66563718948436,32.036305278752764
Raft,100,50,retrieveEvidenceAndLog,RETRIEVE,5.0,0.005760504454352551,0.005574036784699683,0.005946972124005419,0.00015019970639401566,5.0,0.023042017817410203,0.02229614713879873,0.023787888496021675,0.0006007988255760626,5.0,0.06576971713810316,0.06574240657204293,0.06579702770416339,2.1998660740157803e-05,5.0,0.029856905158069887,0.029838429284525795,0.029875381031613978,1.4882315990014048e-05,5.0,0.03591281198003328,0.035895430905718166,0.03593019305434839,1.4000455219945503e-05,5.0,0.8313720480730555,0.8307716875384521,0.831972408607659,0.00048359040575699094,5.0,25.392371647254574,25.356065826408653,25.428677468100496,0.029244338397120647
Raft,100,100,retrieveEvidenceAndLog,RETRIEVE,5.0,0.005033068485701011,0.004906283759095035,0.005159853212306986,0.00010212509625348956,5.0,0.020132273942804042,0.01962513503638014,0.020639412849227944,0.0004085003850139582,5.0,0.06556336386344713,0.06549500871050042,0.06563171901639385,5.506007514454243e-05,5.0,0.02976852622814321,0.029733932253436516,0.029803120202849902,2.7865446345847284e-05,5.0,0.03579483763530391,0.03574314473107367,0.03584653053953415,4.1638633938471734e-05,5.0,0.8316437394942888,0.8302818606817797,0.833005618306798,0.0010969933724377728,5.0,50.69885601998335,50.61177612202487,50.785935917941835,0.07014285709975082
Raft,100,150,retrieveEvidenceAndLog,RETRIEVE,5.0,0.005621923483141354,0.005373852022533135,0.005869994943749573,0.00019982155950923566,5.0,0.022487693932565417,0.02149540809013254,0.023479979774998293,0.0007992862380369427,5.0,0.06545696835091615,0.06537164849184096,0.06554228820999133,6.872514579352447e-05,5.0,0.029661299278178788,0.02961770286675016,0.029704895689607415,3.5116909052398834e-05,5.0,0.03579566907273737,0.03575362621611235,0.03583771192936239,3.386552067068731e-05,5.0,0.8286280185317443,0.828319616525618,0.8289364205378705,0.0002484178134350205,5.0,75.8672595224875,75.74485881724196,75.98966022773304,0.09859376708319016
Raft,100,200,retrieveEvidenceAndLog,RETRIEVE,5.0,0.005476054555497693,0.005163841093821568,0.005788268017173818,0.00025148794084954606,5.0,0.021904218221990773,0.020655364375286273,0.023153072068695272,0.0010059517633981842,5.0,0.06514562640808982,0.0650782875818647,0.06521296523431495,5.424142397854654e-05,5.0,0.029512682310451437,0.029479939492458394,0.02954542512844448,2.6374339628008312e-05,5.0,0.035632944097638404,0.035596162156104914,0.035669726039171894,2.9627853607096038e-05,5.0,0.8282415056129391,0.8277950570425652,0.828687954183313,0.00035961431981758655,5.0,96.3315616553323,92.64008123304798,100.02304207761661,2.973487450229598
Raft,300,50,retrieveEvidenceAndLog,RETRIEVE,5.0,0.004851078026686676,0.0047127414802749686,0.004989414573098384,0.0001114300870133764,5.0,0.019404312106746705,0.018850965921099874,0.019957658292393536,0.0004457203480535056,5.0,0.06565391014975042,0.0655582629239348,0.06574955737556604,7.704383961923612e-05,5.0,0.029803660565723793,0.02975655614585779,0.029850764985589796,3.79426098202699e-05,5.0,0.03585024958402662,0.035798649277389016,0.03590184989066422,4.156404657835739e-05,5.0,0.8313376357068354,0.8307062501985927,0.8319690212150781,0.0005085810217719746,5.0,25.767768386023295,25.597683657773267,25.937853114273324,0.13700324722681664
Raft,300,100,retrieveEvidenceAndLog,RETRIEVE,5.0,0.0043967530264316015,0.004069215013735921,0.0047242910391272815,0.0002638318665715882,5.0,0.017587012105726406,0.016276860054943686,0.018897164156509126,0.0010553274662863528,5.0,0.06548376353039136,0.06533833946098491,0.0656291875997978,0.00011713908672818733,5.0,0.029728559533721898,0.02966093359031607,0.029796185477127726,5.447269686526736e-05,5.0,0.03575520399666944,0.03566827541810263,0.03584213257523625,7.002096933098632e-05,5.0,0.8314477880531725,0.830106524058326,0.8327890520480191,0.0010803881369775845,5.0,51.297290657785176,51.175840355419645,51.41874096015071,0.09782821757104729
Raft,300,150,retrieveEvidenceAndLog,RETRIEVE,5.0,0.005428574764840678,0.00439534153631358,0.006461807993367776,0.0008322693572039506,5.0,0.021714299059362712,0.01758136614525432,0.025847231973471104,0.0033290774288158025,5.0,0.06521932259855637,0.06516002506812305,0.06527862012898969,4.776416028341866e-05,5.0,0.02958578567462521,0.029548792892837315,0.029622778456413104,2.9797685430313764e-05,5.0,0.03563353692393115,0.03560701826214179,0.0356600555857205,2.1360781856384125e-05,5.0,0.8302791754202973,0.8295615954467177,0.8309967553938769,0.0005780106629021505,5.0,75.59180011104942,75.5245018290403,75.65909839305854,0.05420876561288029
Raft,300,200,retrieveEvidenceAndLog,RETRIEVE,5.0,0.005528030435622324,0.00513628910449528,0.005919771766749369,0.00031554763904766765,5.0,0.022112121742489298,0.02054515641798112,0.023679087066997475,0.0012621905561906706,5.0,0.06507556386980785,0.06491534513482475,0.06523578260479096,0.00012905618973028168,5.0,0.029496166040662082,0.02942914221619039,0.029563189865133774,5.3987690068702847e-05,5.0,0.03557939782914578,0.03548495404664699,0.035673841611644566,7.607446603727946e-05,5.0,0.8290242753679117,0.8284217580456497,0.8296267926901737,0.00048532769819852826,5.0,100.21708719952983,99.30933463699844,101.12483976206121,0.7311946817614603
SmartBFT,10,50,retrieveEvidenceAndLog,RETRIEVE,5.0,0.023782490784544977,0.020786914307901944,0.02677806726118801,0.0024129368276560284,5.0,0.09512996313817991,0.08314765723160777,0.10711226904475205,0.009651747310624114,5.0,0.07885524126455908,0.07875333044960114,0.078957152079517,8.208916062259474e-05,5.0,0.04535773710482529,0.045307138841276726,0.04540833536837385,4.075690087825686e-05,5.0,0.03349750415973378,0.03344308651727832,0.03355192180218924,4.383341055680327e-05,5.0,1.354063912957823,1.3529453157532738,1.355182510162372,0.0009010300391978002,5.0,30.494893044925128,30.418885818365887,30.57090027148437,0.0612238203774089
SmartBFT,10,100,retrieveEvidenceAndLog,RETRIEVE,5.0,0.02565218262669968,0.02305937934129774,0.02824498591210162,0.002088503025375911,5.0,0.10260873050679872,0.09223751736519097,0.11297994364840648,0.008354012101503643,5.0,0.0784442964196503,0.07839287293462807,0.07849571990467252,4.14216167686e-05,5.0,0.04514904246461282,0.045131745477259476,0.045166339451966166,1.3932723172923591e-05,5.0,0.03329525395503747,0.03325325498091755,0.03333725292915739,3.3830173313181846e-05,5.0,1.3560213514244246,1.3544430360324267,1.3575996668164225,0.0012713330354617487,5.0,45.272642398001665,40.502832635021306,50.04245216098202,3.8420817254201194
SmartBFT,10,150,retrieveEvidenceAndLog,RETRIEVE,5.0,0.03669447584406486,0.031200535945531502,0.04218841574259821,0.004425368543738788,5.0,0.14677790337625943,0.12480214378212601,0.16875366297039285,0.017701474174955153,5.0,0.2896786218007456,0.20325319497580374,0.37610404862568747,0.06961568060698986,5.0,0.16359613323745326,0.11407416636616874,0.21311810010873777,0.039889943913431106,5.0,0.12608248856329235,0.08912355560119878,0.16304142152538592,0.029770420201404503,5.0,1.2957493835862954,1.2648426846294676,1.3266560825431233,0.02489534575921796,5.0,173.37058556959238,121.75923746733653,224.98193367184822,41.572940478043535
SmartBFT,10,200,retrieveEvidenceAndLog,RETRIEVE,5.0,0.0441647782304566,0.0324463676307669,0.0558831888301463,0.009439179643069255,5.0,0.1766591129218264,0.1297854705230676,0.2235327553205852,0.03775671857227702,5.0,4.273172261397787,0.32976707893354407,8.216577443862029,3.1764128425126112,5.0,2.2358100810632004,0.3825381253901492,4.089082036736252,1.4928105452733862,5.0,2.037362180334586,-0.05964567634379181,4.134370037012964,1.689139811557633,5.0,1.180824648230265,0.9780048720330774,1.3836444244274524,0.16337132808292684,5.0,3286.712247609408,319.317532471543,6254.106962747273,2390.236418992036
SmartBFT,100,50,retrieveEvidenceAndLog,RETRIEVE,5.0,0.010391226154010396,0.008434083422097203,0.01234836888592359,0.0015764784546929214,5.0,0.041564904616041586,0.03373633368838881,0.04939347554369436,0.006305913818771686,5.0,0.07638362728785357,0.07534808472099222,0.07741916985471492,0.0008341295292134779,5.0,0.04426622296173044,0.04373281710093433,0.04479962882252655,0.0004296584165478723,5.0,0.03211740432612313,0.031614623016699844,0.03262018563554642,0.0004049903406652824,5.0,1.3783034198261275,1.3731726780469302,1.3834341616053247,0.0041328124615573475,5.0,30.13793448252911,29.726621853420838,30.549247111637385,0.33131231941291694
SmartBFT,100,100,retrieveEvidenceAndLog,RETRIEVE,5.0,0.020927159469322183,0.01830862565790881,0.023545693280735556,0.002109228963869567,5.0,0.08370863787728873,0.07323450263163524,0.09418277312294222,0.008436915855478268,5.0,0.07548143213988343,0.07539986075054746,0.0755630035292194,6.570575344896646e-05,5.0,0.04381348875936719,0.04377768059360842,0.043849296925125965,2.8843477228455804e-05,5.0,0.031667943380516234,0.03161032300870921,0.03172556375232326,4.6413209023532015e-05,5.0,1.3835299184046406,1.3813460139427929,1.3857138228664883,0.0017591350263171366,5.0,58.5614987510408,58.521282310311854,58.60171519176975,0.032394342681201165
SmartBFT,100,150,retrieveEvidenceAndLog,RETRIEVE,5.0,0.024019395587760266,0.02240368351006278,0.025635107665457752,0.0013014560654895544,5.0,0.09607758235104107,0.08961473404025112,0.10254043066183101,0.005205824261958218,5.0,0.0752741810105497,0.07518186052667293,0.07536650149442646,7.436414901444807e-05,5.0,0.043709050527484736,0.0436798051656259,0.043738295889343574,2.355713874025074e-05,5.0,0.03156513048306496,0.03148351897900105,0.03164674198712887,6.573806586199786e-05,5.0,1.384730341870847,1.3812249439993756,1.3882357397423184,0.002823597957058095,5.0,86.76418096612994,86.30858313529494,87.21977879696495,0.3669840490448557
SmartBFT,100,200,retrieveEvidenceAndLog,RETRIEVE,5.0,0.019744950448461314,0.0172369883750437,0.02225291252187893,0.0020201634298101963,5.0,0.07897980179384526,0.0689479535001748,0.08901165008751571,0.008080653719240785,5.0,0.0748534032739739,0.07454345459485202,0.07516335195309577,0.0002496636585204576,5.0,0.043493654083220715,0.04330545781939861,0.04368185034704282,0.00015159208898332438,5.0,0.03135974919075317,0.03123713473890283,0.03148236364260351,9.876593997162649e-05,5.0,1.3869250555506627,1.3858844111848647,1.3879656999164607,0.0008382390282154954,5.0,89.40006677084276,86.8227765951192,91.97735694656632,2.076007215655712
SmartBFT,300,50,retrieveEvidenceAndLog,RETRIEVE,5.0,0.01733502557227664,0.01546055645262653,0.01920949469192675,0.0015098848606850972,5.0,0.06934010228910656,0.06184222581050612,0.076837978767707,0.006039539442740389,5.0,0.07806988352745425,0.07766087133396948,0.07847889572093902,0.00032945931853683405,5.0,0.04509151414309485,0.0448912404462996,0.045291787839890095,0.00016132046114530316,5.0,0.0329783693843594,0.03276866618485598,0.03318807258386282,0.00016891592550030595,5.0,1.3673145738565862,1.364513103846458,1.3701160438667144,0.0022565840704516973,5.0,30.70292339434277,30.617697948924956,30.78814883976058,0.06864909559327237
SmartBFT,300,100,retrieveEvidenceAndLog,RETRIEVE,5.0,0.02006360384593046,0.016254704511680658,0.023872503180180263,0.003068068382866085,5.0,0.08025441538372184,0.06501881804672263,0.09549001272072105,0.01227227353146434,5.0,0.08136153205661949,0.07808884573148316,0.08463421838175582,0.0026361488083713356,5.0,0.04676436303080765,0.045125942155578136,0.04840278390603717,0.0013197480017175416,5.0,0.03459716902581182,0.03296256737542533,0.036231770676198316,0.0013166716161374463,5.0,1.3520708546226115,1.3361427371632353,1.3679989720819876,0.012830098484425852,5.0,63.706799267277255,61.84004272543242,65.57355580912208,1.5036723793254625
SmartBFT,300,150,retrieveEvidenceAndLog,RETRIEVE,5.0,0.015641975269470424,0.012807319538192068,0.01847663100074878,0.0022833151685690846,5.0,0.0625679010778817,0.05122927815276827,0.07390652400299512,0.009133260674276339,5.0,0.08122483237303814,0.07965908562548471,0.08279057912059157,0.0012612089924634933,5.0,0.04669502687957896,0.04589968613602308,0.04749036762313484,0.0006406469624878163,5.0,0.034529805493459194,0.03375927404737401,0.035300336939544374,0.0006206630735762505,5.0,1.3523940393583127,1.3451741900462018,1.3596138886704237,0.0058155885623866685,5.0,95.0884112586988,93.56418818602809,96.6126343313695,1.2277616726820266
SmartBFT,300,200,retrieveEvidenceAndLog,RETRIEVE,5.0,0.026364972074906567,0.0210812269125214,0.031648717237291735,0.004256056685475107,5.0,0.10545988829962627,0.0843249076500856,0.12659486894916694,0.017024226741900426,5.0,0.08476729477279088,0.0794575023881754,0.09007708715740637,0.0042770377227705075,5.0,0.048435405598985556,0.045773983868934144,0.05109682732903697,0.0021437751819848895,5.0,0.036331889173805317,0.03368280370575452,0.03898097464185611,0.00213383832304338,5.0,1.3340037158815015,1.3110164916720026,1.3569909400910003,0.018516208914433833,5.0,109.74604367438307,106.62413679827198,112.86795055049417,2.51469596340361
