scenario,consensus,batch,tps,round_label,phase,rep,role,role_count,cpu_avg_mean,cpu_max_peak,mem_avg_mb_mean,mem_max_mb_peak,traffic_in_mb_sum,traffic_out_mb_sum,disk_write_mb_sum,disk_read_b_sum,tx_duration_s,traffic_in_mbps,traffic_out_mbps,disk_write_mb_per_s,succ,fail,throughput_tps,orderer_cpu_avg_per_tps,orderer_cpu_cluster_per_tps,orderer_mb_total_sum,orderer_mb_total_per_tx,orderer_mb_in_per_tx,orderer_mb_out_per_tx,orderer_bw_total_mbps,orderer_in_out_ratio
Raft_b100_tps100,Raft,100,100,retrieveEvidenceAndLog,RETRIEVE,1,orderer,4,0.4825,0.86,176.0,187.0,178.7,214.6,298.4,0.0,62.16356107660456,22.997395503746876,27.617465445462113,4.800239800166527,6005,0,96.6,0.004994824016563147,0.019979296066252587,393.29999999999995,0.06549542048293089,0.029758534554537884,0.035736885928393004,50.61486094920899,0.8327120223671948
Raft_b100_tps100,Raft,100,100,retrieveEvidenceAndLog,RETRIEVE,2,orderer,4,0.495,0.84,173.75,185.0,178.79999999999998,215.3,298.4,0.0,62.099276111685626,23.034084929225642,27.736233139050793,4.805208992506245,6005,0,96.7,0.005118924508790072,0.02047569803516029,394.1,0.06562864279766861,0.029775187343880096,0.03585345545378851,50.77031806827644,0.8304691128657685
Raft_b100_tps100,Raft,100,100,retrieveEvidenceAndLog,RETRIEVE,3,orderer,4,0.47250000000000003,0.9,175.75,185.0,178.5,214.94,298.4,0.0,62.16356107660456,22.97165695253955,27.661220982514568,4.800239800166527,6005,0,96.6,0.004891304347826087,0.01956521739130435,393.44,0.06551873438801,0.029725228975853456,0.035793505412156534,50.63287793505412,0.8304643156229646
Raft_b100_tps100,Raft,100,100,retrieveEvidenceAndLog,RETRIEVE,4,orderer,4,0.4975,0.85,176.0,187.0,178.9,215.0,298.4,0.0,62.099276111685626,23.046967527060783,27.697585345545377,4.805208992506245,6005,0,96.7,0.00514477766287487,0.02057911065149948,393.9,0.06559533721898418,0.029791840133222315,0.035803497085761866,50.744552872606164,0.832093023255814
Raft_b100_tps100,Raft,100,100,retrieveEvidenceAndLog,RETRIEVE,5,orderer,4,0.485,0.95,177.75,189.0,178.9,214.9,298.4,0.0,62.099276111685626,23.046967527060783,27.684702747710244,4.805208992506245,6005,0,96.7,0.005015511892450879,0.020062047569803516,393.8,0.06557868442964197,0.029791840133222315,0.03578684429641965,50.73167027477103,0.8324802233597022
Raft_b100_tps100,Raft,100,100,submitEvidence,SUBMIT,1,orderer,4,0.47750000000000004,0.97,126.75,178.0,225.4,271.9,380.8,0.0,62.173913043478265,29.002517482517483,34.98573426573426,6.124755244755245,6006,0,96.6,0.0049430641821946175,0.01977225672877847,497.29999999999995,0.08280053280053279,0.03752913752913753,0.045271395271395266,63.98825174825174,0.8289812431040826
Raft_b100_tps100,Raft,100,100,submitEvidence,SUBMIT,2,orderer,4,0.5075000000000001,0.89,128.0,170.0,225.0,271.0,380.8,0.0,62.099276111685626,28.98584512905912,34.91184013322231,6.132116569525396,6005,0,96.7,0.005248190279214065,0.02099276111685626,496.0,0.08259783513738551,0.03746877601998335,0.045129059117402164,63.89768526228143,0.8302583025830259
Raft_b100_tps100,Raft,100,100,submitEvidence,SUBMIT,3,orderer,4,0.5,0.97,129.5,172.0,225.8,271.7,380.8,0.0,62.16356107660456,29.05882431307244,34.96582181515404,6.12577518734388,6005,0,96.6,0.005175983436853002,0.020703933747412008,497.5,0.08284762697751874,0.03760199833472107,0.045245628642797665,64.02464612822648,0.8310636731689364
Raft_b100_tps100,Raft,100,100,submitEvidence,SUBMIT,4,orderer,4,0.51,0.88,129.0,172.0,225.2,271.7,380.8,0.0,62.2279792746114,28.95160699417152,34.9296253122398,6.119433805162365,6005,0,96.5,0.005284974093264249,0.021139896373056997,496.9,0.08274771024146545,0.037502081598667775,0.045245628642797665,63.88123230641132,0.8288553551711445
Raft_b100_tps100,Raft,100,100,submitEvidence,SUBMIT,5,orderer,4,0.52,0.87,132.0,181.0,225.5,271.8,380.8,0.0,62.16356107660456,29.020216486261447,34.9786910907577,6.12577518734388,6005,0,96.6,0.005383022774327123,0.02153209109730849,497.3,0.08281432139883431,0.03755203996669442,0.04526228143213989,63.998907577019146,0.829654157468727
Raft_b100_tps150,Raft,100,150,retrieveEvidenceAndLog,RETRIEVE,1,orderer,4,0.8175,1.55,180.0,190.0,267.3,322.5,448.0,0.0,62.14630779848171,34.40912382009995,41.514936146585235,7.208795113825653,9005,0,144.9,0.005641821946169772,0.022567287784679087,589.8,0.06549694614103276,0.0296835091615769,0.03581343697945586,75.92405996668518,0.8288372093023256
Raft_b100_tps150,Raft,100,150,retrieveEvidenceAndLog,RETRIEVE,2,orderer,4,0.8275,1.38,176.5,184.0,267.5,322.7,448.0,0.0,62.14630779848171,34.43486951693504,41.54068184342032,7.208795113825653,9005,0,144.9,0.005710835058661145,0.02284334023464458,590.2,0.06554136590782898,0.029705719044975015,0.03583564686285397,75.97555136035535,0.8289432909823365
Raft_b100_tps150,Raft,100,150,retrieveEvidenceAndLog,RETRIEVE,3,orderer,4,0.845,1.61,181.25,192.0,266.7,321.9,448.0,0.0,62.18922651933701,34.30819322598556,41.409101610216545,7.203820099944476,9005,0,144.8,0.005835635359116021,0.023342541436464085,588.5999999999999,0.06536368684064407,0.029616879511382564,0.03574680732926152,75.71729483620211,0.8285181733457595
Raft_b100_tps150,Raft,100,150,retrieveEvidenceAndLog,RETRIEVE,4,orderer,4,0.7675,1.52,178.25,191.0,267.1,322.4,448.0,0.0,62.14630779848171,34.383378123264855,41.502063298167684,7.208795113825653,9005,0,144.9,0.005296756383712905,0.02118702553485162,589.5,0.06546363131593559,0.02966129927817879,0.0358023320377568,75.88544142143255,0.8284739454094293
Raft_b100_tps150,Raft,100,150,retrieveEvidenceAndLog,RETRIEVE,5,orderer,4,0.815,1.48,178.25,188.0,266.9,322.2,448.0,0.0,62.14630779848171,34.35763242642976,41.476317601332596,7.208795113825653,9005,0,144.9,0.0056245686680469285,0.022498274672187714,589.0999999999999,0.06541921154913935,0.029639089394780674,0.03578012215435869,75.83395002776236,0.8283674736188702
Raft_b100_tps150,Raft,100,150,submitEvidence,SUBMIT,1,orderer,4,0.8425,1.52,144.0,182.0,336.6,406.4,572.0,0.0,62.14630779848171,43.330007773459194,52.315255968906165,9.204086618545253,9005,0,144.9,0.005814354727398206,0.023257418909592823,743.0,0.08250971682398667,0.037379233759022766,0.04513048306496391,95.64526374236536,0.8282480314960631
Raft_b100_tps150,Raft,100,150,submitEvidence,SUBMIT,2,orderer,4,0.955,1.63,146.0,190.0,337.3,406.4,572.0,0.0,62.31833910034602,43.30025541365908,52.170838423098274,9.178678511937813,9005,0,144.5,0.006608996539792388,0.02643598615916955,743.7,0.08258745141588007,0.03745696835091616,0.04513048306496391,95.47109383675735,0.829970472440945
Raft_b100_tps150,Raft,100,150,submitEvidence,SUBMIT,3,orderer,4,0.8524999999999999,1.87,145.5,188.0,336.6,406.6,572.0,0.0,62.66527487821852,42.97116712937257,51.90753581343698,9.127862298722931,9005,0,143.7,0.00593249826026444,0.02372999304105776,743.2,0.0825319267073848,0.037379233759022766,0.04515269294836202,94.87870294280955,0.8278406296114117
Raft_b100_tps150,Raft,100,150,submitEvidence,SUBMIT,4,orderer,4,0.8350000000000001,1.6,143.75,183.0,336.7,406.7,572.0,0.0,62.225293711126476,43.28786317192358,52.28741892492225,9.192403376277209,9004,0,144.7,0.0057705597788528,0.0230822391154112,743.4,0.08256330519768991,0.03739449133718347,0.04516881386050644,95.57528209684583,0.8278829604130808
Raft_b100_tps150,Raft,100,150,submitEvidence,SUBMIT,5,orderer,4,0.89,1.48,143.75,183.0,336.6,406.6,572.0,0.0,62.27524204702628,43.24029761243754,52.232635202665186,9.185030538589672,9005,0,144.6,0.006154910096818811,0.024619640387275245,743.2,0.0825319267073848,0.037379233759022766,0.04515269294836202,95.47293281510272,0.8278406296114118
Raft_b100_tps200,Raft,100,200,retrieveEvidenceAndLog,RETRIEVE,1,orderer,4,1.05,2.05,180.25,195.0,354.0,427.7,596.0,0.0,62.591240875912405,45.245947521865894,54.66579591836735,9.522099125364432,12005,0,191.8,0.005474452554744526,0.021897810218978103,781.7,0.06511453561016244,0.02948771345272803,0.0356268221574344,99.91174344023324,0.8276829553425298
Raft_b100_tps200,Raft,100,200,retrieveEvidenceAndLog,RETRIEVE,2,orderer,4,0.9875,2.16,181.0,195.0,354.1,427.4,596.0,0.0,63.878529568460316,44.346668890742286,53.52659216013343,9.33020850708924,11990,0,187.7,0.005261054874800213,0.021044219499200854,781.5,0.06517931609674729,0.029532944120100085,0.035646371976647204,97.87326105087573,0.8284978942442679
Raft_b100_tps200,Raft,100,200,retrieveEvidenceAndLog,RETRIEVE,3,orderer,4,1.005,2.06,183.0,197.0,354.0,427.4,596.0,0.0,64.33547695605574,44.019258642232394,53.1464156601416,9.263940024989587,12005,0,186.6,0.005385852090032154,0.021543408360128614,781.4,0.06508954602249063,0.02948771345272803,0.0356018325697626,97.16567430237399,0.8282639213851193
Raft_b100_tps200,Raft,100,200,retrieveEvidenceAndLog,RETRIEVE,4,orderer,4,1.0474999999999999,2.0,180.0,205.0,353.4,426.5,596.0,0.0,67.50845546786923,41.87919839679358,50.54181696726786,8.828523714094857,11976,0,177.4,0.005904735062006764,0.023618940248027055,779.9,0.06512191048764195,0.029509018036072143,0.03561289245156981,92.42101536406145,0.8286049237983587
Raft_b100_tps200,Raft,100,200,retrieveEvidenceAndLog,RETRIEVE,5,orderer,4,0.9675,2.08,180.0,193.0,354.7,428.29999999999995,600.0,0.0,66.4360819037078,42.71173011245315,51.574384006663884,9.031236984589755,12005,0,180.7,0.005354178195904815,0.02141671278361926,783.0,0.06522282382340691,0.029546022490628904,0.03567680133277801,94.28611411911703,0.8281578332944199
Raft_b100_tps200,Raft,100,200,submitEvidence,SUBMIT,1,orderer,4,0.8775000000000001,2.0,154.0,195.0,447.7,539.6,760.0,0.0,62.68929503916449,57.13256143273636,68.86024156601417,12.123281965847564,12005,0,191.5,0.0045822454308094,0.0183289817232376,987.3,0.08224073302790504,0.03729279466888796,0.04494793835901708,125.99280299875053,0.8296886582653816
Raft_b100_tps200,Raft,100,200,submitEvidence,SUBMIT,2,orderer,4,1.0975,2.15,155.5,194.0,446.7,540.1,760.0,0.0,66.1068281938326,54.057955851728444,65.360872969596,11.496543107038734,12005,0,181.6,0.006043502202643171,0.024174008810572686,986.8,0.08219908371511869,0.037209496043315284,0.044989587671803416,119.41882882132444,0.8270690612849472
Raft_b100_tps200,Raft,100,200,submitEvidence,SUBMIT,3,orderer,4,1.1025,2.25,155.75,198.0,446.7,539.8,760.0,0.0,65.38671023965142,54.653307788421486,66.0440016659725,11.623157017909204,12005,0,183.6,0.006004901960784314,0.024019607843137256,986.5,0.0821740941274469,0.037209496043315284,0.044964598084131606,120.69730945439399,0.827528714338644
Raft_b100_tps200,Raft,100,200,submitEvidence,SUBMIT,4,orderer,4,0.975,2.07,155.25,193.0,447.7,539.5,760.0,0.0,68.46197827329902,52.315169533990314,63.042291631869055,11.10105227993987,11974,0,174.9,0.005574614065180103,0.022298456260720412,987.2,0.08244529814598296,0.037389343577751796,0.045055954568231166,115.35746116585938,0.8298424467099166
Raft_b100_tps200,Raft,100,200,submitEvidence,SUBMIT,5,orderer,4,1.1524999999999999,2.24,156.5,191.0,446.8,540.5,760.0,0.0,68.34188034188034,52.30175087543772,63.270135067533765,11.12056028014007,11994,0,175.5,0.006566951566951566,0.026267806267806264,987.3,0.08231615807903951,0.03725195931298983,0.04506419876604969,115.57188594297148,0.8266419981498613
Raft_b100_tps50,Raft,100,50,retrieveEvidenceAndLog,RETRIEVE,1,orderer,4,0.28750000000000003,0.48,161.5,174.0,89.7,107.86,149.2,0.0,62.34439834024896,11.510256239600666,13.840537770382696,2.3931580698835275,3005,0,48.2,0.005964730290456432,0.023858921161825728,197.56,0.06574376039933444,0.029850249584026625,0.03589351081530782,25.35079400998336,0.8316335991099574
Raft_b100_tps50,Raft,100,50,retrieveEvidenceAndLog,RETRIEVE,2,orderer,4,0.27749999999999997,0.53,163.5,175.0,89.7,107.88999999999999,149.2,0.0,62.21532091097309,11.534136439267886,13.873110149750413,2.3981231281198,3005,0,48.3,0.005745341614906832,0.02298136645962733,197.58999999999997,0.06575374376039933,0.029850249584026625,0.03590349417637271,25.4072465890183,0.8314023542496989
Raft_b100_tps50,Raft,100,50,retrieveEvidenceAndLog,RETRIEVE,3,orderer,4,0.27249999999999996,0.59,162.5,176.0,89.8,107.93,149.2,0.0,62.34439834024896,11.523088186356073,13.849520133111483,2.3931580698835275,3005,0,48.2,0.005653526970954356,0.022614107883817423,197.73000000000002,0.06580033277870218,0.029883527454242928,0.03591680532445924,25.372608319467556,0.8320207541925321
Raft_b100_tps50,Raft,100,50,retrieveEvidenceAndLog,RETRIEVE,4,orderer,4,0.28250000000000003,0.6,162.5,180.0,89.7,107.96000000000001,149.2,0.0,62.21532091097309,11.534136439267886,13.882111148086523,2.3981231281198,3005,0,48.3,0.005848861283643893,0.023395445134575574,197.66000000000003,0.06577703826955075,0.029850249584026625,0.03592678868552413,25.41624758735441,0.8308632826972953
Raft_b100_tps50,Raft,100,50,retrieveEvidenceAndLog,RETRIEVE,5,orderer,4,0.27,0.55,160.25,175.0,89.7,107.95,149.2,0.0,62.21532091097309,11.534136439267886,13.880825291181363,2.3981231281198,3005,0,48.3,0.0055900621118012426,0.02236024844720497,197.65,0.06577371048252913,0.029850249584026625,0.0359234608985025,25.41496173044925,0.8309402501157944
Raft_b100_tps50,Raft,100,50,submitEvidence,SUBMIT,1,orderer,4,0.2825,0.55,104.975,139.0,113.3,136.32999999999998,192.0,0.0,62.25672877846791,14.559068839374792,17.518427668772862,3.0840039906883936,3007,0,48.3,0.0058488612836438926,0.02339544513457557,249.63,0.08301629531094114,0.03767874958430329,0.04533754572663784,32.077496508147654,0.8310716643438716
Raft_b100_tps50,Raft,100,50,submitEvidence,SUBMIT,2,orderer,4,0.33,0.58,103.425,143.0,113.3,136.18,192.0,0.0,62.21532091097309,14.56875873544093,17.510799334442595,3.0860565723793676,3005,0,48.3,0.006832298136645963,0.027329192546583853,249.48000000000002,0.08302163061564061,0.037703826955074876,0.045317803660565724,32.079558069883525,0.8319870759289175
Raft_b100_tps50,Raft,100,50,submitEvidence,SUBMIT,3,orderer,4,0.3125,0.64,102.95,136.0,113.2,136.28,192.0,0.0,62.086776859504134,14.586036605657238,17.5599387687188,3.0924459234608985,3005,0,48.4,0.006456611570247934,0.025826446280991736,249.48000000000002,0.08302163061564061,0.03767054908485857,0.04535108153078203,32.145975374376036,0.8306427942471383
Raft_b100_tps50,Raft,100,50,submitEvidence,SUBMIT,4,orderer,4,0.3075,0.61,102.175,137.0,113.1,136.24,192.0,0.0,62.21532091097309,14.543041597337767,17.518514475873545,3.0860565723793676,3005,0,48.3,0.006366459627329193,0.02546583850931677,249.34,0.08297504159733778,0.03763727121464226,0.045337770382695514,32.061556073211314,0.8301526717557249
Raft_b100_tps50,Raft,100,50,submitEvidence,SUBMIT,5,orderer,4,0.2925,0.62,102.6,138.0,113.0,136.05,192.0,0.0,62.236024844720504,14.525349301397204,17.48826347305389,3.0850299401197603,3006,0,48.3,0.006055900621118012,0.02422360248447205,249.05,0.08285096473719229,0.03759148369926813,0.045259481037924154,32.0136127744511,0.830576993752297
Raft_b10_tps100,Raft,10,100,retrieveEvidenceAndLog,RETRIEVE,1,orderer,4,0.7175,1.33,176.5,190.0,181.2,219.1,322.0,0.0,65.41394335511983,22.160412989175686,26.795510407993337,4.922497918401332,6005,0,91.8,0.007815904139433552,0.03126361655773421,400.29999999999995,0.06666111573688592,0.030174854288093255,0.03648626144879267,48.95592339716902,0.8270196257416705
Raft_b10_tps100,Raft,10,100,retrieveEvidenceAndLog,RETRIEVE,2,orderer,4,0.6799999999999999,1.5,178.75,194.0,181.3,219.1,322.0,0.0,76.69220945083015,18.91196003330558,22.854994171523728,4.198601165695253,6005,0,78.3,0.008684546615581098,0.03473818646232439,400.4,0.06667776852622814,0.03019150707743547,0.03648626144879267,41.766954204829304,0.8274760383386582
Raft_b10_tps100,Raft,10,100,retrieveEvidenceAndLog,RETRIEVE,3,orderer,4,0.6475,1.46,176.25,193.0,181.0,218.9,322.0,0.0,79.96005326231692,18.10904246461282,21.90093588676103,4.027010824313072,6005,0,75.1,0.008621837549933422,0.03448735019973369,399.9,0.06659450457951707,0.030141548709408827,0.036452955870108245,40.009978351373846,0.8268615806304248
Raft_b10_tps100,Raft,10,100,retrieveEvidenceAndLog,RETRIEVE,4,orderer,4,0.6125,1.37,177.25,194.0,181.1,218.8,322.0,0.0,77.88586251621271,18.60157868442964,22.473911740216487,4.1342547876769355,6005,0,77.1,0.007944228274967576,0.0317769130998703,399.9,0.06659450457951707,0.03015820149875104,0.03643630308076603,41.07549042464613,0.8276965265082266
Raft_b10_tps100,Raft,10,100,retrieveEvidenceAndLog,RETRIEVE,5,orderer,4,0.7175,1.57,177.0,189.0,181.2,219.0,322.0,0.0,74.50372208436725,19.45674604496253,23.515603663613653,4.321931723563696,6005,0,80.6,0.008901985111662533,0.03560794044665013,400.2,0.06664446294754371,0.030174854288093255,0.03646960865945046,42.97234970857618,0.8273972602739725
Raft_b10_tps100,Raft,10,100,submitEvidence,SUBMIT,1,orderer,4,0.72,1.35,131.5,182.0,227.4,274.8,400.0,0.0,68.32764505119454,26.624655344655345,32.17438561438561,5.854145854145854,6006,0,87.9,0.00819112627986348,0.03276450511945392,502.20000000000005,0.08361638361638363,0.037862137862137865,0.045754245754245755,58.79904095904096,0.8275109170305677
Raft_b10_tps100,Raft,10,100,submitEvidence,SUBMIT,2,orderer,4,0.7175,1.35,129.5,179.0,228.4,275.7,400.0,0.0,67.09497206703911,27.233039134054955,32.872805995004164,5.961698584512906,6005,0,89.5,0.008016759776536313,0.03206703910614525,504.1,0.08394671107410491,0.03803497085761865,0.04591174021648626,60.10584512905912,0.828436706565107
Raft_b10_tps100,Raft,10,100,submitEvidence,SUBMIT,3,orderer,4,0.5449999999999999,1.29,139.0,178.0,227.7,275.1,400.0,0.0,86.52737752161383,21.05229641965029,25.43472439633639,4.622814321398835,6005,0,69.4,0.007853025936599423,0.03141210374639769,502.8,0.08373022481265611,0.03791840133222314,0.04581182348043298,46.48702081598668,0.8276990185387131
Raft_b10_tps100,Raft,10,100,submitEvidence,SUBMIT,4,orderer,4,0.6025,1.36,135.5,185.0,227.0,274.3,400.0,0.0,79.54966887417218,22.82850482850483,27.585281385281387,5.028305028305028,6006,0,75.5,0.007980132450331126,0.0319205298013245,501.3,0.08346653346653347,0.03779553779553779,0.045670995670995675,50.41378621378622,0.8275610645278891
Raft_b10_tps100,Raft,10,100,submitEvidence,SUBMIT,5,orderer,4,0.735,1.35,127.0,172.0,227.5,274.9,400.0,0.0,67.92986425339366,26.792339716902582,32.37456786011657,5.888426311407161,6005,0,88.4,0.00831447963800905,0.0332579185520362,502.4,0.08366361365528725,0.03788509575353872,0.04577851790174854,59.16690757701915,0.8275736631502364
Raft_b10_tps150,Raft,10,150,retrieveEvidenceAndLog,RETRIEVE,1,orderer,4,0.755,2.1,184.25,193.0,270.7,326.6,484.0,0.0,104.83119906868451,20.65797223764575,24.923877845641314,4.61694614103276,9005,0,85.9,0.00878928987194412,0.03515715948777648,597.3,0.06632981676846196,0.03006107717934481,0.03626873958911716,45.581850083287065,0.8288426209430494
Raft_b10_tps150,Raft,10,150,retrieveEvidenceAndLog,RETRIEVE,2,orderer,4,0.6699999999999999,2.09,181.75,197.0,270.1,326.5,484.0,0.0,96.54666666666667,22.380886617870463,27.05427427150946,5.0131197348432535,7241,1764,75.0,0.008933333333333333,0.03573333333333333,596.6,0.0823919348156332,0.03730147769645077,0.045090457119182435,49.43516088937992,0.827258805513017
Raft_b10_tps150,Raft,10,150,retrieveEvidenceAndLog,RETRIEVE,3,orderer,4,0.695,2.14,185.75,191.0,270.3,326.3,484.0,0.0,95.45333333333333,22.65400195558039,27.347394887554128,5.070540578293057,7159,1846,75.0,0.009266666666666666,0.037066666666666664,596.6,0.08333566140522419,0.037756669925967316,0.04557899147925688,50.001396843134515,0.8283787925222189
Raft_b10_tps150,Raft,10,150,retrieveEvidenceAndLog,RETRIEVE,4,orderer,4,0.6799999999999999,2.24,184.25,199.0,270.2,326.3,484.0,0.0,99.06542056074765,21.81992452830189,26.3502641509434,4.885660377358491,7420,1585,74.9,0.009078771695594123,0.03631508678237649,596.5,0.08039083557951482,0.03641509433962264,0.04397574123989219,48.170188679245285,0.8280723260802942
Raft_b10_tps150,Raft,10,150,retrieveEvidenceAndLog,RETRIEVE,5,orderer,4,0.7,2.29,183.75,195.0,270.7,326.8,484.0,0.0,95.07343124165553,22.77818283948884,27.49874455834855,5.090801853672238,7121,1880,74.9,0.009345794392523364,0.037383177570093455,597.5,0.08390675466928803,0.038014323830922625,0.0458924308383654,50.27692739783739,0.8283353733170135
Raft_b10_tps150,Raft,10,150,submitEvidence,SUBMIT,1,orderer,4,0.6525,2.23,157.5,187.0,340.5,411.1,600.0,0.0,107.07491082045185,25.44013325930039,30.71494503053859,5.603553581343697,9005,0,84.1,0.007758620689655172,0.03103448275862069,751.6,0.0834647418101055,0.03781232648528595,0.04565241532481955,56.15507828983898,0.8282656288007784
Raft_b10_tps150,Raft,10,150,submitEvidence,SUBMIT,2,orderer,4,0.6575,2.08,160.75,189.0,340.8,407.8,600.0,0.0,88.3845126835781,30.8470332326284,36.91144410876134,6.788519637462237,6620,2385,74.9,0.008778371161548731,0.035113484646194924,748.6,0.11308157099697885,0.051480362537764356,0.061601208459214504,67.75847734138974,0.8357037763609612
Raft_b10_tps150,Raft,10,150,submitEvidence,SUBMIT,3,orderer,4,0.685,2.19,160.75,185.0,340.5,409.90000000000003,600.0,0.0,92.5233644859813,29.44121212121212,35.44185858585859,6.484848484848485,6930,2075,74.9,0.009145527369826436,0.03658210947930574,750.4000000000001,0.1082828282828283,0.049134199134199134,0.05914862914862915,64.88307070707071,0.8306904122956817
Raft_b10_tps150,Raft,10,150,submitEvidence,SUBMIT,4,orderer,4,0.6675,2.35,162.25,192.0,340.0,409.6,600.0,0.0,95.55407209612817,28.46555819477435,34.292625401704626,6.2791672488472825,7157,1850,74.9,0.00891188251001335,0.0356475300400534,749.6,0.10473662148945088,0.047505938242280284,0.05723068324717061,62.75818359647897,0.830078125
Raft_b10_tps150,Raft,10,150,submitEvidence,SUBMIT,5,orderer,4,0.665,2.12,163.0,188.0,340.8,411.4,600.0,0.0,96.00801068090787,28.397630371297456,34.280472813238774,6.249478514810179,7191,1814,74.9,0.008878504672897197,0.03551401869158879,752.2,0.10460297594214991,0.04739257405089695,0.057210401891252954,62.678103184536226,0.828390860476422
Raft_b10_tps200,Raft,10,200,retrieveEvidenceAndLog,RETRIEVE,1,orderer,4,0.835,2.8,185.75,199.0,358.8,420.7,644.0,0.0,57.06412825651303,50.30130289727831,58.97925899912203,11.285548726953467,5695,6310,99.8,0.008366733466933868,0.03346693386773547,779.5,0.13687445127304654,0.06300263388937664,0.07387181738366988,109.28056189640034,0.852864273829332
Raft_b10_tps200,Raft,10,200,retrieveEvidenceAndLog,RETRIEVE,2,orderer,4,0.71,2.89,185.75,201.0,358.5,393.8,643.0,0.0,33.02908726178536,86.83255390221682,95.38259337989675,19.46768903735196,3293,8708,99.7,0.00712136409227683,0.02848545636910732,752.3,0.22845429699362282,0.1088672942605527,0.11958700273307016,182.21514728211355,0.9103605891315388
Raft_b10_tps200,Raft,10,200,retrieveEvidenceAndLog,RETRIEVE,3,orderer,4,0.9550000000000001,3.29,186.25,203.0,358.4,389.3,643.0,0.0,31.963927855711425,89.7011159874608,97.43483385579937,20.1164263322884,3190,8815,99.8,0.009569138276553106,0.038276553106212426,747.7,0.23438871473354234,0.11235109717868338,0.12203761755485894,187.13594984326016,0.9206267659902387
Raft_b10_tps200,Raft,10,200,retrieveEvidenceAndLog,RETRIEVE,4,orderer,4,0.925,3.24,183.5,204.0,358.0,390.1,641.0,0.0,33.967935871743485,84.31480825958702,91.8748790560472,18.870737463126844,3390,8607,99.8,0.009268537074148297,0.03707414829659319,748.1,0.22067846607669617,0.1056047197640118,0.11507374631268437,176.18968731563422,0.9177134068187643
Raft_b10_tps200,Raft,10,200,retrieveEvidenceAndLog,RETRIEVE,5,orderer,4,0.905,3.15,185.5,201.0,358.4,391.9,643.0,0.0,34.3687374749499,83.42465306122448,91.22243731778424,18.70886297376093,3430,8575,99.8,0.00906813627254509,0.03627254509018036,750.3,0.21874635568513118,0.10448979591836734,0.11425655976676384,174.64709037900872,0.9145190099515182
Raft_b10_tps200,Raft,10,200,submitEvidence,SUBMIT,1,orderer,4,0.775,2.68,167.25,198.0,453.2,527.9,800.0,0.0,58.01603206412826,62.49307081174438,72.7936718480138,13.78929188255613,5790,6211,99.8,0.007765531062124249,0.031062124248496997,981.0999999999999,0.16944732297063902,0.07827288428324698,0.09117443868739206,135.28674265975818,0.8584959272589506
Raft_b10_tps200,Raft,10,200,submitEvidence,SUBMIT,2,orderer,4,0.845,2.66,165.0,193.0,453.0,487.5,800.0,0.0,35.73721163490471,101.40690429413416,109.12994667415101,22.385630087005335,3563,8431,99.7,0.008475426278836509,0.033901705115346036,940.5,0.2639629525680606,0.12714005051922536,0.13682290204883524,210.5368509682852,0.9292307692307692
Raft_b10_tps200,Raft,10,200,submitEvidence,SUBMIT,3,orderer,4,0.8200000000000001,2.7,164.0,199.0,453.4,492.4,800.0,0.0,34.86973947895792,104.02142528735631,112.96901149425287,22.942528735632184,3480,8525,99.8,0.008216432865731463,0.03286573146292585,945.8,0.2717816091954023,0.13028735632183908,0.1414942528735632,216.99043678160916,0.9207961007311128
Raft_b10_tps200,Raft,10,200,submitEvidence,SUBMIT,4,orderer,4,0.8275,2.8,165.25,197.0,451.4,493.2,800.0,0.0,33.567134268537075,107.58142089552238,117.54354626865671,23.83283582089552,3350,8655,99.8,0.008291583166332666,0.033166332665330665,944.5999999999999,0.2819701492537313,0.1347462686567164,0.1472238805970149,225.1249671641791,0.9152473641524737
Raft_b10_tps200,Raft,10,200,submitEvidence,SUBMIT,5,orderer,4,0.8400000000000001,2.7,167.75,195.0,451.9,494.5,800.0,0.0,35.671342685370746,101.34746067415729,110.90134831460672,22.42696629213483,3560,8439,99.8,0.00841683366733467,0.03366733466933868,946.4,0.2658426966292135,0.12693820224719102,0.13890449438202246,212.248808988764,0.9138523761375127
Raft_b10_tps50,Raft,10,50,retrieveEvidenceAndLog,RETRIEVE,1,orderer,4,0.3225,0.66,155.25,171.0,91.2,109.97,161.2,0.0,62.086776859504134,11.751294509151414,14.169844925124792,2.596366056572379,3005,0,48.4,0.006663223140495868,0.02665289256198347,201.17000000000002,0.0669450915141431,0.030349417637271215,0.03659567387687188,25.921139434276206,0.8293170864781304
Raft_b10_tps50,Raft,10,50,retrieveEvidenceAndLog,RETRIEVE,2,orderer,4,0.3375,0.65,156.0,172.0,91.6,110.12,161.2,0.0,62.21532091097309,11.778449251247919,14.159856239600664,2.5910016638935103,3005,0,48.3,0.006987577639751554,0.027950310559006215,201.72,0.06712811980033277,0.030482529118136436,0.03664559068219634,25.938305490848585,0.8318198329095532
Raft_b10_tps50,Raft,10,50,retrieveEvidenceAndLog,RETRIEVE,3,orderer,4,0.335,0.59,158.75,175.0,91.6,110.22,161.2,0.0,62.21532091097309,11.778449251247919,14.172714808652245,2.5910016638935103,3005,0,48.3,0.006935817805383024,0.027743271221532095,201.82,0.06716139767054909,0.030482529118136436,0.03667886855241265,25.951164059900165,0.8310651424423879
Raft_b10_tps50,Raft,10,50,retrieveEvidenceAndLog,RETRIEVE,4,orderer,4,0.3375,0.63,156.75,172.0,91.1,109.92,161.2,0.0,62.21532091097309,11.714156405990014,14.134139101497503,2.5910016638935103,3005,0,48.3,0.006987577639751554,0.027950310559006215,201.01999999999998,0.06689517470881863,0.030316139767054908,0.036579034941763726,25.848295507487517,0.8287845705967976
Raft_b10_tps50,Raft,10,50,retrieveEvidenceAndLog,RETRIEVE,5,orderer,4,0.34,0.64,158.25,177.0,91.4,109.98,161.2,0.0,62.21532091097309,11.752732113144758,14.141854242928451,2.5910016638935103,3005,0,48.3,0.007039337474120084,0.028157349896480336,201.38,0.06701497504159734,0.03041597337770383,0.03659900166389351,25.89458635607321,0.8310601927623205
Raft_b10_tps50,Raft,10,50,submitEvidence,SUBMIT,1,orderer,4,0.3675,0.66,99.95,133.0,114.9,138.48999999999998,200.4,0.0,62.21532091097309,14.774495840266223,17.807832279534107,3.221071547420965,3005,0,48.3,0.007608695652173913,0.030434782608695653,253.39,0.08432279534109817,0.038236272878535774,0.04608652246256239,32.58232811980033,0.8296627915372952
Raft_b10_tps50,Raft,10,50,submitEvidence,SUBMIT,2,orderer,4,0.33499999999999996,0.62,100.9,140.0,115.0,138.54,200.4,0.0,62.21532091097309,14.787354409317802,17.814261564059898,3.221071547420965,3005,0,48.3,0.006935817805383023,0.02774327122153209,253.54,0.08437271214642263,0.03826955074875208,0.046103161397670546,32.6016159733777,0.8300851739569799
Raft_b10_tps50,Raft,10,50,submitEvidence,SUBMIT,3,orderer,4,0.3675,0.68,99.6,130.0,114.60000000000001,138.25,200.8,0.0,62.34439834024896,14.705410981697174,17.74016638935108,3.2208186356073214,3005,0,48.2,0.00762448132780083,0.03049792531120332,252.85000000000002,0.08414309484193012,0.03813643926788686,0.04600665557404326,32.44557737104826,0.8289330922242316
Raft_b10_tps50,Raft,10,50,submitEvidence,SUBMIT,4,orderer,4,0.3875,0.76,101.2,139.0,114.4,138.04,200.8,0.0,62.21532091097309,14.710202995008318,17.749968718801995,3.227500831946755,3005,0,48.3,0.008022774327122154,0.032091097308488616,252.44,0.08400665557404326,0.038069883527454246,0.04593677204658902,32.46017171381031,0.8287452912199362
Raft_b10_tps50,Raft,10,50,submitEvidence,SUBMIT,5,orderer,4,0.3425,0.71,98.75,129.0,114.8,138.28,200.4,0.0,62.086776859504134,14.792199667221297,17.817642595673878,3.227740432612313,3005,0,48.4,0.007076446280991736,0.028305785123966944,253.07999999999998,0.08421963394342762,0.03820299500831947,0.046016638935108156,32.60984226289517,0.8301995950245877
Raft_b300_tps100,Raft,300,100,retrieveEvidenceAndLog,RETRIEVE,1,orderer,4,0.405,0.82,184.0,201.0,178.8,215.29000000000002,301.6,0.0,61.275510204081634,23.343746877601998,28.107803497085765,4.922031640299751,6005,0,98.0,0.00413265306122449,0.01653061224489796,394.09000000000003,0.06562697751873439,0.029775187343880103,0.03585179017485429,51.45155037468776,0.8305076873054948
Raft_b300_tps100,Raft,300,100,retrieveEvidenceAndLog,RETRIEVE,2,orderer,4,0.46,1.02,185.25,201.0,178.1,214.56,302.0,0.0,61.33810010214504,23.22862947543714,27.983912073272275,4.92353039134055,6005,0,97.9,0.004698672114402451,0.018794688457609805,392.65999999999997,0.06538884263114071,0.029658617818484594,0.03573022481265612,51.21254154870941,0.8300708426547353
Raft_b300_tps100,Raft,300,100,retrieveEvidenceAndLog,RETRIEVE,3,orderer,4,0.4525,0.96,183.5,207.0,178.9,215.0,301.6,0.0,61.5266393442623,23.26146877601998,27.955370524562863,4.901941715237302,6005,0,97.6,0.004636270491803279,0.018545081967213117,393.9,0.06559533721898418,0.029791840133222315,0.035803497085761866,51.21683930058285,0.8320930232558139
Raft_b300_tps100,Raft,300,100,retrieveEvidenceAndLog,RETRIEVE,4,orderer,4,0.4275,0.77,185.0,203.0,178.4,214.4,301.6,0.0,61.275510204081634,23.291523730224814,27.991606994171523,4.922031640299751,6005,0,98.0,0.004362244897959184,0.017448979591836736,392.8,0.06541215653621982,0.02970857618651124,0.03570358034970858,51.28313072439634,0.832089552238806
Raft_b300_tps100,Raft,300,100,retrieveEvidenceAndLog,RETRIEVE,5,orderer,4,0.4075,0.75,183.0,203.0,178.4,214.3,301.6,0.0,61.21304791029562,23.31529059117402,28.00710074937552,4.927054121565362,6005,0,98.1,0.004153924566768603,0.016615698267074413,392.70000000000005,0.06539550374687761,0.02970857618651124,0.035686927560366365,51.322391340549544,0.8324778348110125
Raft_b300_tps100,Raft,300,100,submitEvidence,SUBMIT,1,orderer,4,0.40750000000000003,0.74,137.0,194.0,225.0,271.09999999999997,388.8,0.0,61.150712830957225,29.43547044129892,35.46647127393838,6.358061615320567,6005,0,98.2,0.00414969450101833,0.01659877800407332,496.09999999999997,0.08261448792672772,0.03746877601998335,0.04514571190674437,64.9019417152373,0.82995204721505
Raft_b300_tps100,Raft,300,100,submitEvidence,SUBMIT,2,orderer,4,0.3925,0.77,137.25,202.0,225.5,271.5,388.4,0.0,61.21304791029562,29.47084096586178,35.482631140716066,6.345052456286427,6005,0,98.1,0.004001019367991845,0.01600407747196738,497.0,0.08276436303080766,0.03755203996669442,0.04521232306411324,64.95347210657785,0.8305709023941068
Raft_b300_tps100,Raft,300,100,submitEvidence,SUBMIT,3,orderer,4,0.36,0.82,138.75,195.0,225.0,272.0,388.4,0.0,61.21304791029562,29.40549542048293,35.54797668609492,6.345052456286427,6005,0,98.1,0.003669724770642202,0.014678899082568808,497.0,0.08276436303080766,0.03746877601998335,0.04529558701082431,64.95347210657785,0.8272058823529411
Raft_b300_tps100,Raft,300,100,submitEvidence,SUBMIT,4,orderer,4,0.445,0.76,137.75,196.0,224.7,271.2,388.4,0.0,61.21304791029562,29.366288093255616,35.44342381348876,6.345052456286427,6005,0,98.1,0.0045361875637105,0.018144750254842,495.9,0.08258118234804329,0.037418817651956704,0.045162364696086595,64.80971190674437,0.8285398230088495
Raft_b300_tps100,Raft,300,100,submitEvidence,SUBMIT,5,orderer,4,0.4375,0.73,137.75,203.0,225.6,271.5,388.8,0.0,61.09867751780265,29.539100899100898,35.549050949050944,6.363476523476523,6006,0,98.3,0.004450661241098677,0.01780264496439471,497.1,0.08276723276723277,0.03756243756243756,0.04520479520479521,65.08815184815184,0.8309392265193372
Raft_b300_tps150,Raft,300,150,retrieveEvidenceAndLog,RETRIEVE,1,orderer,4,0.635,1.17,202.0,248.0,266.4,321.1,460.0,0.0,62.14630779848171,34.29326818434203,41.3347162687396,7.40188784008884,9005,0,144.9,0.004382332643202209,0.017529330572808834,587.5,0.06524153248195447,0.029583564686285393,0.03565796779566908,75.62798445308164,0.8296480847088132
Raft_b300_tps150,Raft,300,150,retrieveEvidenceAndLog,RETRIEVE,2,orderer,4,0.7275,1.44,199.5,226.0,266.6,320.9,460.0,0.0,62.18922651933701,34.29532926152138,41.28046196557468,7.3967795669072745,9005,0,144.8,0.005024171270718232,0.020096685082872927,587.5,0.06524153248195447,0.02960577456968351,0.03563575791227096,75.57579122709606,0.8307884076036149
Raft_b300_tps150,Raft,300,150,retrieveEvidenceAndLog,RETRIEVE,3,orderer,4,0.96,2.05,198.75,225.0,266.4,320.8,460.0,0.0,62.14630779848171,34.29326818434203,41.29609772348696,7.40188784008884,9005,0,144.9,0.006625258799171842,0.026501035196687367,587.2,0.0652082176568573,0.029583564686285393,0.03562465297057191,75.58936590782899,0.8304239401496258
Raft_b300_tps150,Raft,300,150,retrieveEvidenceAndLog,RETRIEVE,4,orderer,4,0.8275,1.75,204.75,236.0,266.7,321.0,460.0,0.0,62.14630779848171,34.33188672959467,41.32184342032205,7.40188784008884,9005,0,144.9,0.005710835058661145,0.02284334023464458,587.7,0.06526374236535258,0.029616879511382564,0.035646862853970014,75.65373014991673,0.8308411214953271
Raft_b300_tps150,Raft,300,150,retrieveEvidenceAndLog,RETRIEVE,5,orderer,4,0.7825,1.5,194.75,222.0,266.0,320.59999999999997,460.0,0.0,62.14630779848171,34.24177679067185,41.27035202665186,7.40188784008884,9005,0,144.9,0.005400276052449965,0.02160110420979986,586.5999999999999,0.06514158800666295,0.029539144919489172,0.035602443087173787,75.51212881732371,0.8296943231441049
Raft_b300_tps150,Raft,300,150,submitEvidence,SUBMIT,1,orderer,4,0.8200000000000001,1.98,165.25,227.0,336.8,406.5,600.0,0.0,62.110344827586204,43.380857206306914,52.35842771485677,9.66022651565623,9006,0,145.0,0.005655172413793104,0.022620689655172416,743.3,0.08253386631134799,0.037397290695092164,0.04513657561625583,95.73928492116369,0.8285362853628537
Raft_b300_tps150,Raft,300,150,submitEvidence,SUBMIT,2,orderer,4,0.975,1.8,168.25,226.0,337.2,406.8,600.0,0.0,62.16011042097998,43.397606306206285,52.355119351615414,9.6524925058288,9007,0,144.9,0.006728778467908902,0.02691511387163561,744.0,0.08260242033973576,0.03743754857333185,0.04516487176640391,95.7527256578217,0.8289085545722713
Raft_b300_tps150,Raft,300,150,submitEvidence,SUBMIT,3,orderer,4,0.525,1.91,163.25,227.0,336.3,405.7,592.0,0.0,61.38377641445127,43.829170460855075,52.87390560799555,9.644242087729038,9005,0,146.7,0.0035787321063394687,0.014314928425357875,742.0,0.08239866740699611,0.037345918933925595,0.04505274847307052,96.70307606885063,0.8289376386492482
Raft_b300_tps150,Raft,300,150,submitEvidence,SUBMIT,4,orderer,4,0.9299999999999999,1.62,164.25,233.0,336.7,406.6,600.0,0.0,62.18922651933701,43.31296835091616,52.30487951138257,9.647973348139923,9005,0,144.8,0.0064226519337016565,0.025690607734806626,743.3,0.08254303164908383,0.03739033870072182,0.04515269294836202,95.61784786229873,0.8280865715691096
Raft_b300_tps150,Raft,300,150,submitEvidence,SUBMIT,5,orderer,4,0.7949999999999999,1.59,163.75,224.0,336.5,405.90000000000003,600.0,0.0,62.14630779848171,43.31713492504165,52.250891726818445,9.654636313159356,9005,0,144.9,0.005486542443064181,0.021946169772256725,742.4000000000001,0.08244308717379235,0.03736812881732371,0.04507495835646863,95.5680266518601,0.8290219265829022
Raft_b300_tps200,Raft,300,200,retrieveEvidenceAndLog,RETRIEVE,1,orderer,4,1.03,2.07,199.25,234.0,354.6,428.09999999999997,620.0,0.0,62.10553543714433,45.67708788004998,55.14484298209079,9.983007080383175,12005,0,193.3,0.005328504914640455,0.02131401965856182,782.7,0.06519783423573511,0.029537692628071637,0.03566014160766347,100.82193086214077,0.8283111422564822
Raft_b300_tps200,Raft,300,200,retrieveEvidenceAndLog,RETRIEVE,2,orderer,4,0.98,2.3,200.75,236.0,354.9,428.0,620.0,0.0,62.12732919254659,45.69969507623094,55.11262184453886,9.979505123719068,12003,0,193.2,0.0050724637681159425,0.02028985507246377,782.9,0.06522536032658502,0.029567608097975505,0.035657752228609514,100.8123169207698,0.8292056074766355
Raft_b300_tps200,Raft,300,200,retrieveEvidenceAndLog,RETRIEVE,3,orderer,4,1.095,2.5,198.25,228.0,353.7,426.4,620.0,0.0,62.423296931877275,45.32923025658114,54.64626457847384,9.932189270243253,12004,0,192.3,0.005694227769110764,0.022776911076443057,780.0999999999999,0.06498667110963012,0.029465178273908696,0.035521492835721424,99.97549483505497,0.8295028142589119
Raft_b300_tps200,Raft,300,200,retrieveEvidenceAndLog,RETRIEVE,4,orderer,4,1.1225,2.63,200.0,228.0,353.3,426.3,620.0,0.0,62.1139896373057,45.50343677010344,54.90550550550551,9.981648314981648,11988,0,193.0,0.005816062176165804,0.023264248704663214,779.6,0.0650316983650317,0.02947113780447114,0.03556056056056056,100.40894227560895,0.8287590898428338
Raft_b300_tps200,Raft,300,200,retrieveEvidenceAndLog,RETRIEVE,5,orderer,4,1.0925,2.36,204.5,232.0,353.3,426.0,612.0,0.0,62.93130571578396,44.912463961336556,54.154287142738106,9.724889592533955,12001,0,190.7,0.005728893550078658,0.02291557420031463,779.3,0.06493625531205732,0.02943921339888343,0.035497041913173905,99.06675110407465,0.8293427230046948
Raft_b300_tps200,Raft,300,200,submitEvidence,SUBMIT,1,orderer,4,0.9475,2.09,174.5,227.0,446.9,539.9,796.0,0.0,62.293720809548525,57.39262245918027,69.33604131956014,12.778173942019325,12004,0,192.7,0.004916969382459783,0.01966787752983913,986.8,0.0822059313562146,0.03722925691436188,0.044976674441852715,126.72866377874041,0.8277458788664568
Raft_b300_tps200,Raft,300,200,submitEvidence,SUBMIT,2,orderer,4,0.9625,2.21,178.25,236.0,446.5,538.7,792.0,0.0,62.694924123495554,56.9743093230949,68.73921709373175,12.632601619230448,11981,0,191.1,0.005036630036630037,0.020146520146520148,985.2,0.08223019781320424,0.03726733995492864,0.044962857858275605,125.71352641682665,0.8288472248004454
Raft_b300_tps200,Raft,300,200,submitEvidence,SUBMIT,3,orderer,4,1.105,2.46,175.0,251.0,446.4,538.6,792.0,0.0,62.32170744403957,57.302666221182754,69.13802873371199,12.708252589375208,11972,0,192.1,0.005752212389380531,0.023008849557522124,985.0,0.08227530905446041,0.03728700300701637,0.04498830604744404,126.44069495489475,0.8288154474563684
Raft_b300_tps200,Raft,300,200,submitEvidence,SUBMIT,4,orderer,4,1.0125,2.07,174.25,227.0,445.4,539.1,792.0,0.0,62.30088495575222,57.193409090909086,69.2253409090909,12.712499999999999,11968,0,192.1,0.005270692347735554,0.021082769390942217,984.5,0.0822610294117647,0.03721590909090909,0.045045120320855614,126.41874999999999,0.826191801150065
Raft_b300_tps200,Raft,300,200,submitEvidence,SUBMIT,5,orderer,4,0.9775,2.25,178.75,230.0,446.4,539.0,792.0,0.0,63.17008952080042,56.53308436145382,68.26015338446149,12.537579193064357,11996,0,189.9,0.005147446024223275,0.0205897840968931,985.4,0.08214404801600533,0.037212404134711566,0.04493164388129377,124.7932377459153,0.8282003710575139
Raft_b300_tps50,Raft,300,50,retrieveEvidenceAndLog,RETRIEVE,1,orderer,4,0.2475,0.49,158.75,171.0,89.6,107.75999999999999,149.6,0.0,60.953346855983774,11.759813643926787,14.143275873544091,2.4543361064891847,3005,0,49.3,0.005020283975659229,0.020081135902636917,197.35999999999999,0.06567720465890182,0.029816971713810314,0.03586023294509151,25.903089517470878,0.8314773570898293
Raft_b300_tps50,Raft,300,50,retrieveEvidenceAndLog,RETRIEVE,2,orderer,4,0.235,0.53,162.25,180.0,89.4,107.62,149.2,0.0,60.82995951417004,11.75736439267887,14.15355207986689,2.4527387687188016,3005,0,49.4,0.004757085020242914,0.019028340080971658,197.02,0.0655640599001664,0.029750415973377707,0.03581364392678869,25.910916472545757,0.8307006132689092
Raft_b300_tps50,Raft,300,50,retrieveEvidenceAndLog,RETRIEVE,3,orderer,4,0.235,0.54,159.5,183.0,89.6,107.83,149.6,0.0,61.326530612244895,11.688252911813644,14.066342762063229,2.4394009983361067,3005,0,49.0,0.004795918367346938,0.019183673469387753,197.43,0.06570049916805325,0.029816971713810314,0.035883527454242926,25.75459567387687,0.8309375869424093
Raft_b300_tps50,Raft,300,50,retrieveEvidenceAndLog,RETRIEVE,4,orderer,4,0.23249999999999998,0.46,160.5,175.0,89.7,107.86,149.2,0.0,61.704312114989726,11.629657237936774,13.984111813643928,2.4179833610648918,3005,0,48.7,0.004774127310061601,0.019096509240246404,197.56,0.06574376039933444,0.029850249584026625,0.03589351081530782,25.613769051580704,0.8316335991099575
Raft_b300_tps50,Raft,300,50,retrieveEvidenceAndLog,RETRIEVE,5,orderer,4,0.24,0.58,161.25,178.0,89.5,107.58,149.6,0.0,61.4519427402863,11.651381031613976,14.005090183028287,2.4344226289517468,3005,0,48.9,0.0049079754601227,0.0196319018404908,197.07999999999998,0.06558402662229616,0.02978369384359401,0.03580033277870216,25.656471214642263,0.8319390221230711
Raft_b300_tps50,Raft,300,50,submitEvidence,SUBMIT,1,orderer,4,0.27,0.62,100.275,137.0,113.0,135.97,192.4,0.0,60.707070707070706,14.89118136439268,17.918176372712146,3.169317803660566,3005,0,49.5,0.005454545454545455,0.02181818181818182,248.97,0.08285191347753744,0.037603993344425955,0.04524792013311148,32.809357737104826,0.8310656762521145
Raft_b300_tps50,Raft,300,50,submitEvidence,SUBMIT,2,orderer,4,0.245,0.5,100.35,139.0,113.3,136.35,192.4,0.0,60.82995951417004,14.90055241264559,17.931953410981695,3.162915141430948,3005,0,49.4,0.004959514170040486,0.019838056680161944,249.64999999999998,0.08307820299500832,0.037703826955074876,0.04537437603993344,32.83250582362729,0.830949761642831
Raft_b300_tps50,Raft,300,50,submitEvidence,SUBMIT,3,orderer,4,0.255,0.65,100.1,145.0,112.80000000000001,135.9,192.4,0.0,60.953346855983774,14.804765391014977,17.83659234608985,3.1565124792013313,3005,0,49.3,0.005172413793103449,0.020689655172413796,248.70000000000002,0.08276206322795342,0.03753743760399335,0.04522462562396007,32.641357737104826,0.8300220750551877
Raft_b300_tps50,Raft,300,50,submitEvidence,SUBMIT,4,orderer,4,0.22,0.49,101.025,143.0,113.2,136.15,192.0,0.0,61.57786885245902,14.706582362728785,17.688173044925126,3.1180033277870214,3005,0,48.8,0.004508196721311476,0.018032786885245903,249.35000000000002,0.0829783693843594,0.03767054908485857,0.04530782029950083,32.39475540765391,0.8314359162688211
Raft_b300_tps50,Raft,300,50,submitEvidence,SUBMIT,5,orderer,4,0.265,0.69,100.325,136.0,113.2,136.25,192.4,0.0,60.58467741935484,14.94767387687188,17.99134775374376,3.175720465890183,3005,0,49.6,0.005342741935483871,0.021370967741935483,249.45,0.0830116472545757,0.03767054908485857,0.04534109816971714,32.93902163061564,0.8308256880733945
SmartBFT_b100_tps100,SmartBFT,100,100,retrieveEvidenceAndLog,RETRIEVE,1,orderer,4,2.195,2.82,154.25,161.0,263.1,189.99,294.4,0.0,61.90721649484536,33.99926727726895,24.55158034970858,4.755503746877602,6005,0,97.0,0.022628865979381442,0.09051546391752577,453.09000000000003,0.07545212323064114,0.0438134887593672,0.03163863447127394,58.55084762697753,1.3848097268277277
SmartBFT_b100_tps100,SmartBFT,100,100,retrieveEvidenceAndLog,RETRIEVE,2,orderer,4,2.105,3.45,153.0,162.0,263.2,190.65,294.4,0.0,61.971104231166144,33.977125728559535,24.61147044129892,4.7506011656952545,6005,0,96.9,0.021723426212590297,0.08689370485036119,453.85,0.07557868442964197,0.04383014154870941,0.031748542880932554,58.588596169858455,1.3805402570154732
SmartBFT_b100_tps100,SmartBFT,100,100,retrieveEvidenceAndLog,RETRIEVE,3,orderer,4,2.1775,3.23,153.75,163.0,263.2,190.09,294.4,0.0,61.90721649484536,34.0121898417985,24.564502914238137,4.755503746877602,6005,0,97.0,0.022448453608247425,0.0897938144329897,453.28999999999996,0.07548542880932556,0.04383014154870941,0.03165528726061615,58.576692756036636,1.3846072912830765
SmartBFT_b100_tps100,SmartBFT,100,100,retrieveEvidenceAndLog,RETRIEVE,4,orderer,4,1.9700000000000002,3.15,154.25,165.0,263.2,190.13,294.4,0.0,61.90721649484536,34.0121898417985,24.569671940049957,4.755503746877602,6005,0,97.0,0.020309278350515467,0.08123711340206187,453.33,0.07549208992506244,0.04383014154870941,0.03166194837635304,58.58186178184846,1.3843159943196761
SmartBFT_b100_tps100,SmartBFT,100,100,retrieveEvidenceAndLog,RETRIEVE,5,orderer,4,1.7,2.43,153.75,167.0,262.8,189.97,294.4,0.0,61.90721649484536,33.96049958368027,24.548995836802664,4.755503746877602,6005,0,97.0,0.01752577319587629,0.07010309278350516,452.77,0.07539883430474605,0.04376353039134055,0.031635303913405494,58.509495420482935,1.383376322577249
SmartBFT_b100_tps100,SmartBFT,100,100,submitEvidence,SUBMIT,1,orderer,4,1.7349999999999999,2.3,114.75,158.0,331.8,239.89,372.4,0.0,62.099276111685626,42.74445961698585,30.904063946711073,5.996849292256453,6005,0,96.7,0.01794208893485005,0.0717683557394002,571.69,0.09520233139050792,0.05525395503746878,0.03994837635303913,73.64852356369693,1.3831339363875113
SmartBFT_b100_tps100,SmartBFT,100,100,submitEvidence,SUBMIT,2,orderer,4,1.9,2.92,112.5,155.0,331.7,239.64000000000001,372.4,0.0,62.099276111685626,42.731577019150706,30.871857452123233,5.996849292256453,6005,0,96.7,0.01964839710444674,0.07859358841778696,571.34,0.09514404662781016,0.055237302248126556,0.0399067443796836,73.60343447127394,1.3841595726923717
SmartBFT_b100_tps100,SmartBFT,100,100,submitEvidence,SUBMIT,3,orderer,4,1.915,2.81,112.0,155.0,331.7,239.79000000000002,372.4,0.0,61.84346035015449,42.90833638634471,31.018962864279764,6.021655287260615,6005,0,97.1,0.01972193614830072,0.07888774459320289,571.49,0.09516902581182349,0.055237302248126556,0.039931723563696925,73.92729925062447,1.3832937153342508
SmartBFT_b100_tps100,SmartBFT,100,100,submitEvidence,SUBMIT,4,orderer,4,1.855,3.11,113.0,156.0,331.6,239.74,372.4,0.0,61.84346035015449,42.89540049958368,31.012494920899247,6.021655287260615,6005,0,97.1,0.01910401647785788,0.07641606591143152,571.34,0.09514404662781016,0.05522064945878435,0.039923397169025814,73.90789542048293,1.3831650955201469
SmartBFT_b100_tps100,SmartBFT,100,100,submitEvidence,SUBMIT,5,orderer,4,1.725,3.15,114.25,156.0,332.0,240.04,372.4,0.0,62.16356107660456,42.725995004163195,30.891409159034136,5.990647793505412,6005,0,96.6,0.01785714285714286,0.07142857142857144,572.04,0.09526061615320566,0.0552872606161532,0.03997335553705245,73.61740416319734,1.3831028161973005
SmartBFT_b100_tps150,SmartBFT,100,150,retrieveEvidenceAndLog,RETRIEVE,1,orderer,4,3.3925,5.61,156.75,164.0,393.5,284.03999999999996,440.0,0.0,62.70891364902507,50.20019988895058,36.23599689061632,7.016546363131593,9005,0,143.6,0.02362465181058496,0.09449860724233984,677.54,0.07524042198778456,0.04369794558578567,0.031542476401998885,86.4361967795669,1.385368257991832
SmartBFT_b100_tps150,SmartBFT,100,150,retrieveEvidenceAndLog,RETRIEVE,2,orderer,4,3.7775,5.94,157.0,168.0,393.6,284.78,440.0,0.0,62.232204561161026,50.59759689061632,36.60869827873403,7.070294280955024,9005,0,144.7,0.026105736005528683,0.10442294402211473,678.38,0.07533370349805664,0.043709050527484736,0.031624652970571904,87.20629516935035,1.3821195308659318
SmartBFT_b100_tps150,SmartBFT,100,150,retrieveEvidenceAndLog,RETRIEVE,3,orderer,4,3.4875,5.08,156.75,167.0,393.3,283.94,440.0,0.0,62.4047124047124,50.419269294836205,36.39981521377013,7.050749583564687,9005,0,144.3,0.024168399168399166,0.09667359667359667,677.24,0.0752071071626874,0.043675735702387565,0.031531371460299835,86.81908450860634,1.385151792632246
SmartBFT_b100_tps150,SmartBFT,100,150,retrieveEvidenceAndLog,RETRIEVE,4,orderer,4,3.2575000000000003,4.92,157.0,168.0,393.8,284.93,440.0,0.0,62.4047124047124,50.48336701832316,36.5267287062743,7.050749583564687,9005,0,144.3,0.022574497574497573,0.0902979902979903,678.73,0.07537257079400334,0.04373126041088284,0.03164131038312049,87.01009572459745,1.382093847611694
SmartBFT_b100_tps150,SmartBFT,100,150,retrieveEvidenceAndLog,RETRIEVE,5,orderer,4,3.39,5.81,155.25,165.0,393.8,283.53,440.0,0.0,62.75261324041812,50.203486951693506,36.145745696835085,7.011660188784009,9005,0,143.5,0.023623693379790943,0.09449477351916377,677.3299999999999,0.07521710161021654,0.04373126041088284,0.0314858411993337,86.34923264852858,1.3889182802525308
SmartBFT_b100_tps150,SmartBFT,100,150,submitEvidence,SUBMIT,1,orderer,4,3.09,4.87,126.0,162.0,495.2,357.14,560.0,0.0,62.411642411642404,63.475336442371756,45.77863824117256,8.972684876748835,9006,0,144.3,0.02141372141372141,0.08565488565488565,852.3399999999999,0.09464135021097045,0.05498556517876971,0.039655785032200755,109.25397468354431,1.3865710925687404
SmartBFT_b100_tps150,SmartBFT,100,150,submitEvidence,SUBMIT,2,orderer,4,3.125,5.83,128.0,164.0,495.1,357.66999999999996,560.0,0.0,62.491325468424705,63.38159689061633,45.788115047195994,8.961243753470294,9005,0,144.1,0.021686328938237336,0.08674531575294935,852.77,0.09469961132704054,0.05498056635202665,0.03971904497501388,109.16971193781232,1.3842368663852158
SmartBFT_b100_tps150,SmartBFT,100,150,submitEvidence,SUBMIT,3,orderer,4,2.9175,4.96,127.25,165.0,495.0,357.11,560.0,0.0,62.840195394277735,63.016990560799556,45.46262121043865,8.911493614658523,9005,0,143.3,0.020359385903698533,0.08143754361479413,852.11,0.09462631871182677,0.054969461410327596,0.03965685730149917,108.47961177123821,1.3861275237321833
SmartBFT_b100_tps150,SmartBFT,100,150,submitEvidence,SUBMIT,4,orderer,4,3.4225,7.29,128.5,167.0,497.1,358.39,556.0,0.0,62.342342342342334,63.789710982658974,45.98993063583816,8.91849710982659,8996,0,144.3,0.023717948717948717,0.09487179487179487,855.49,0.09509670964873278,0.055257892396620725,0.039838817252112045,109.77964161849712,1.3870364686514691
SmartBFT_b100_tps150,SmartBFT,100,150,submitEvidence,SUBMIT,5,orderer,4,2.5725,5.82,128.5,171.0,495.3,356.66,560.0,0.0,62.4047124047124,63.495204886174356,45.72218811771239,8.973681288173237,9005,0,144.3,0.017827442827442825,0.0713097713097713,851.96,0.09460966129927818,0.055002776235424766,0.03960688506385342,109.21739300388674,1.3887175461223573
SmartBFT_b100_tps200,SmartBFT,100,200,retrieveEvidenceAndLog,RETRIEVE,1,orderer,4,3.2275,7.56,163.5,183.0,521.2,375.98,588.0,0.0,80.97231600270088,51.49414276184123,37.14652301534356,7.261741160773849,11992,0,148.1,0.021792707629979743,0.08717083051991897,897.1800000000001,0.0748148765843896,0.04346230820547032,0.03135256837891928,88.6406657771848,1.3862439491462313
SmartBFT_b100_tps200,SmartBFT,100,200,retrieveEvidenceAndLog,RETRIEVE,2,orderer,4,3.14,7.3,163.75,183.0,521.9,376.44,588.0,0.0,82.17808219178082,50.80673445574263,36.64626771128522,7.155192532088682,11998,0,146.0,0.021506849315068494,0.08602739726027397,898.3399999999999,0.07487414569094848,0.043498916486081014,0.031375229204867475,87.45300216702785,1.3864095207735627
SmartBFT_b100_tps200,SmartBFT,100,200,retrieveEvidenceAndLog,RETRIEVE,3,orderer,4,2.71,9.69,164.5,185.0,520.1,374.63,584.0,0.0,81.63349347975293,50.96927526483941,36.71336203127627,7.153926349419875,11894,0,145.7,0.018599862731640358,0.07439945092656143,894.73,0.07522532369261813,0.04372793004876408,0.031497393643854045,87.68263729611567,1.3883031257507408
SmartBFT_b100_tps200,SmartBFT,100,200,retrieveEvidenceAndLog,RETRIEVE,4,orderer,4,3.0300000000000002,7.85,162.75,186.0,521.3,375.97,588.0,0.0,78.57798165137615,53.0733917104495,38.27738937536486,7.483012259194395,11991,0,152.6,0.019855832241153344,0.07942332896461338,897.27,0.07482862146609957,0.04347427237094487,0.0313543490951547,91.35078108581436,1.3865467989467242
SmartBFT_b100_tps200,SmartBFT,100,200,retrieveEvidenceAndLog,RETRIEVE,5,orderer,4,2.615,6.93,163.25,185.0,516.8,372.57,584.0,0.0,77.44321868916289,53.386210826210814,38.48703670186023,7.541008882185352,11934,0,154.1,0.016969500324464634,0.06787800129785854,889.3699999999999,0.07452404893581363,0.0433048433048433,0.031219205630970335,91.87324752807103,1.3871218831360548
SmartBFT_b100_tps200,SmartBFT,100,200,submitEvidence,SUBMIT,1,orderer,4,2.7975,7.55,140.5,176.0,654.9,471.64,740.0,0.0,76.79948586118252,68.21920669456067,49.129495564853556,9.635481171548117,11950,0,155.6,0.01797879177377892,0.07191516709511568,1126.54,0.09427112970711297,0.05480334728033472,0.039467782426778245,117.34870225941422,1.3885590704774828
SmartBFT_b100_tps200,SmartBFT,100,200,submitEvidence,SUBMIT,2,orderer,4,3.37,9.37,147.5,188.0,656.5,471.86,744.0,0.0,81.23139377537211,64.65480593036816,46.47070331500917,9.159020489755124,12006,0,147.8,0.02280108254397835,0.0912043301759134,1128.3600000000001,0.09398300849575214,0.054680992836914875,0.03930201565883725,111.12550924537732,1.3913025049802907
SmartBFT_b100_tps200,SmartBFT,100,200,submitEvidence,SUBMIT,3,orderer,4,3.28,9.07,147.0,178.0,654.8,471.83000000000004,740.0,0.0,82.00963523743977,63.8754212823095,46.0267868412219,9.023329976502183,11916,0,145.3,0.022573984858912592,0.09029593943565037,1126.63,0.09454766700234979,0.0549513259483048,0.039596341054044984,109.90220812353141,1.3877879744823345
SmartBFT_b100_tps200,SmartBFT,100,200,submitEvidence,SUBMIT,4,orderer,4,3.0075000000000003,7.51,143.0,181.0,654.2,471.27,740.0,0.0,78.65789473684211,66.53623285379726,47.931107393777175,9.407828705252593,11956,0,152.0,0.019786184210526317,0.07914473684210527,1125.47,0.09413432586149215,0.05471729675476748,0.039417029106724656,114.46734024757444,1.3881638975534198
SmartBFT_b100_tps200,SmartBFT,100,200,submitEvidence,SUBMIT,5,orderer,4,3.0975,7.57,144.5,177.0,658.4,473.66999999999996,744.0,0.0,79.7406914893617,66.05410489452181,47.52103260235137,9.3302426415409,11993,0,150.4,0.020595079787234044,0.08238031914893618,1132.07,0.09439422996748102,0.054898690903026764,0.039495539064454264,113.57513749687318,1.38999725547322
SmartBFT_b100_tps50,SmartBFT,100,50,retrieveEvidenceAndLog,RETRIEVE,1,orderer,4,0.4275,1.32,144.0,157.0,131.7,95.294,147.2,0.0,60.953346855983774,17.28535108153078,12.507139301164726,2.414961730449251,3005,0,49.3,0.008671399594320487,0.03468559837728195,226.99399999999997,0.07553876871880198,0.043826955074875204,0.031711813643926785,29.792490382695505,1.3820387432577077
SmartBFT_b100_tps50,SmartBFT,100,50,retrieveEvidenceAndLog,RETRIEVE,2,orderer,4,0.6174999999999999,0.87,142.75,154.0,134.5,97.94,147.2,0.0,60.953346855983774,17.652845257903493,12.854421297836938,2.414961730449251,3005,0,49.3,0.012525354969574036,0.050101419878296145,232.44,0.07735108153078203,0.04475873544093178,0.032592346089850247,30.50726655574043,1.3732897692464774
SmartBFT_b100_tps50,SmartBFT,100,50,retrieveEvidenceAndLog,RETRIEVE,3,orderer,4,0.5475,1.68,142.5,156.0,134.0,97.49,147.2,0.0,60.953346855983774,17.587221297836937,12.795359733777037,2.414961730449251,3005,0,49.3,0.011105476673427992,0.04442190669371197,231.49,0.07703494176372712,0.04459234608985025,0.03244259567387687,30.382581031613974,1.3744999487126885
SmartBFT_b100_tps50,SmartBFT,100,50,retrieveEvidenceAndLog,RETRIEVE,4,orderer,4,0.445,0.65,145.5,157.0,131.7,95.31,147.2,0.0,60.953346855983774,17.28535108153078,12.509239267886855,2.414961730449251,3005,0,49.3,0.009026369168356998,0.03610547667342799,227.01,0.0755440931780366,0.043826955074875204,0.031717138103161395,29.794590349417636,1.3818067359143846
SmartBFT_b100_tps50,SmartBFT,100,50,retrieveEvidenceAndLog,RETRIEVE,5,orderer,4,0.525,1.06,142.5,153.0,133.2,96.53,147.2,0.0,60.82995951417004,17.517683860232943,12.69506023294509,2.419860232945091,3005,0,49.4,0.010627530364372471,0.042510121457489884,229.73,0.07644925124792012,0.044326123128119795,0.03212312811980033,30.21274409317803,1.3798819019993784
SmartBFT_b100_tps50,SmartBFT,100,50,submitEvidence,SUBMIT,1,orderer,4,0.5075,1.65,85.175,113.0,166.2,120.03,186.4,0.0,60.953346855983774,21.813404326123127,15.753687853577372,3.0580765391014975,3005,0,49.3,0.010294117647058823,0.041176470588235294,286.23,0.09525124792013312,0.05530782029950083,0.03994342762063228,37.567092179700495,1.3846538365408647
SmartBFT_b100_tps50,SmartBFT,100,50,submitEvidence,SUBMIT,2,orderer,4,0.5525,0.73,84.85,108.0,169.7,123.63999999999999,186.4,0.0,61.20162932790224,22.182415973377704,16.161661231281197,3.045670549084859,3005,0,49.1,0.01125254582484725,0.045010183299389,293.34,0.09761730449251248,0.05647254575707154,0.04114475873544093,38.3440772046589,1.3725331607893887
SmartBFT_b100_tps50,SmartBFT,100,50,submitEvidence,SUBMIT,3,orderer,4,0.5675,0.76,84.125,109.0,169.5,123.30000000000001,186.4,0.0,61.07723577235772,22.20139767054909,16.150043261231286,3.0518735440931786,3005,0,49.2,0.011534552845528455,0.04613821138211382,292.8,0.09743760399334443,0.056405990016638936,0.041031613976705496,38.351440931780374,1.3746958637469584
SmartBFT_b100_tps50,SmartBFT,100,50,submitEvidence,SUBMIT,4,orderer,4,0.65,1.88,86.975,117.0,166.3,120.19,186.4,0.0,60.953346855983774,21.826529118136442,15.774687520798668,3.0580765391014975,3005,0,49.3,0.013184584178498987,0.05273833671399595,286.49,0.09533777038269552,0.05534109816971714,0.03999667221297837,37.601216638935114,1.3836425659372662
SmartBFT_b100_tps50,SmartBFT,100,50,submitEvidence,SUBMIT,5,orderer,4,0.5225,0.72,84.975,112.0,167.0,120.79,186.4,0.0,61.07723577235772,21.873943427620635,15.821279201331118,3.0518735440931786,3005,0,49.2,0.01061991869918699,0.04247967479674796,287.79,0.0957703826955075,0.05557404326123128,0.04019633943427621,37.695222628951754,1.3825647818528022
SmartBFT_b10_tps100,SmartBFT,10,100,retrieveEvidenceAndLog,RETRIEVE,1,orderer,4,1.5425,3.43,162.0,167.0,271.2,200.1,330.4,0.0,86.90303907380608,24.965755203996668,18.42052955870108,3.8019383846794335,6005,0,69.1,0.022322720694645443,0.08929088277858177,471.29999999999995,0.07848459616985845,0.045162364696086595,0.033322231473771856,43.38628476269775,1.3553223388305848
SmartBFT_b10_tps100,SmartBFT,10,100,retrieveEvidenceAndLog,RETRIEVE,2,orderer,4,2.1550000000000002,3.95,158.25,164.0,271.2,200.06,330.4,0.0,76.59438775510203,28.325835137385514,20.895525728559537,4.3136319733555375,6005,0,78.4,0.027487244897959184,0.10994897959183673,471.26,0.07847793505412157,0.045162364696086595,0.03331557035803497,49.22136086594505,1.3555933220033989
SmartBFT_b10_tps100,SmartBFT,10,100,retrieveEvidenceAndLog,RETRIEVE,3,orderer,4,1.8199999999999998,3.55,160.5,166.0,271.0,199.95,330.4,0.0,89.09495548961424,24.33358867610325,17.9538784346378,3.708402997502082,6005,0,67.4,0.02700296735905044,0.10801186943620177,470.95,0.07842631140716069,0.045129059117402164,0.033297252289758536,42.28746711074105,1.3553388347086774
SmartBFT_b10_tps100,SmartBFT,10,100,retrieveEvidenceAndLog,RETRIEVE,4,orderer,4,2.095,3.71,159.5,163.0,271.1,199.98999999999998,330.4,0.0,75.91656131479141,28.568206494587844,21.0747164029975,4.352146544546211,6005,0,79.1,0.026485461441213658,0.10594184576485463,471.09000000000003,0.07844962531223981,0.045145711906744386,0.03330391340549542,49.64292289758534,1.3555677783889197
SmartBFT_b10_tps100,SmartBFT,10,100,retrieveEvidenceAndLog,RETRIEVE,5,orderer,4,1.665,3.37,162.0,172.0,271.1,199.59,330.4,0.0,90.02998500749625,24.089751873438804,17.735424479600333,3.669888426311407,6005,0,66.7,0.024962518740629686,0.09985007496251874,470.69000000000005,0.07838301415487095,0.045145711906744386,0.033237302248126564,41.82517635303914,1.3582844831905407
SmartBFT_b10_tps100,SmartBFT,10,100,submitEvidence,SUBMIT,1,orderer,4,1.5875,3.48,130.25,162.0,339.7,249.4,408.0,0.0,95.92651757188499,28.330018318068277,20.799253955037468,4.253255620316403,6005,0,62.6,0.025359424920127792,0.10143769968051117,589.1,0.09810158201498752,0.05656952539550374,0.04153205661948377,49.12927227310574,1.3620689655172413
SmartBFT_b10_tps100,SmartBFT,10,100,submitEvidence,SUBMIT,2,orderer,4,2.1350000000000002,3.8,121.0,157.0,340.0,249.09,408.0,0.0,76.59438775510203,35.51174021648627,26.016527560366363,5.326761032472939,6005,0,78.4,0.027232142857142858,0.10892857142857143,589.09,0.0980999167360533,0.05661948376353039,0.0414804329725229,61.52826777685263,1.3649684852864428
SmartBFT_b10_tps100,SmartBFT,10,100,submitEvidence,SUBMIT,3,orderer,4,1.6,3.47,126.5,159.0,340.0,248.98000000000002,408.0,0.0,89.7608370702541,30.30274771024147,22.190523896752712,4.54541215653622,6005,0,66.9,0.02391629297458894,0.09566517189835576,588.98,0.09808159866777685,0.05661948376353039,0.041462114904246464,52.493271606994185,1.3655715318499475
SmartBFT_b10_tps100,SmartBFT,10,100,submitEvidence,SUBMIT,4,orderer,4,1.6425,3.68,126.75,158.0,339.8,249.06,408.0,0.0,87.53644314868805,31.054494587843465,22.761719900083264,4.660915903413821,6005,0,68.6,0.023943148688046652,0.09577259475218661,588.86,0.0980616153205662,0.056586178184845966,0.04147543713572023,53.81621448792673,1.3643298803501165
SmartBFT_b10_tps100,SmartBFT,10,100,submitEvidence,SUBMIT,5,orderer,4,1.8825,3.98,127.0,165.0,340.0,249.64,408.0,0.0,89.09495548961424,30.52922564529559,22.41563497085762,4.579383846794339,6005,0,67.4,0.027930267062314537,0.11172106824925815,589.64,0.09819150707743547,0.05661948376353039,0.041572023313905075,52.94486061615321,1.3619612241627943
SmartBFT_b10_tps150,SmartBFT,10,150,retrieveEvidenceAndLog,RETRIEVE,1,orderer,4,3.0575,11.03,180.25,211.0,531.0,415.8,496.0,0.0,50.400534045393854,84.28482119205299,65.99930066225166,9.841165562913908,3775,5225,74.9,0.04082109479305741,0.16328437917222963,946.8,0.2508079470198675,0.14066225165562915,0.11014569536423842,150.28412185430466,1.2770562770562772
SmartBFT_b10_tps150,SmartBFT,10,150,retrieveEvidenceAndLog,RETRIEVE,2,orderer,4,3.005,11.87,182.0,214.0,530.0,407.40000000000003,496.0,0.0,31.163101604278076,136.05834405834406,104.58522522522523,15.916259116259116,2331,6674,74.8,0.04017379679144385,0.1606951871657754,937.4000000000001,0.4021450021450022,0.22737022737022736,0.1747747747747748,240.6435692835693,1.3009327442317133
SmartBFT_b10_tps150,SmartBFT,10,150,retrieveEvidenceAndLog,RETRIEVE,3,orderer,4,2.2875,7.07,174.75,189.0,494.0,382.8,496.0,0.0,52.20293724966622,75.70455242966752,58.66336572890026,9.501381074168798,3910,5095,74.9,0.030540720961281707,0.12216288384512683,876.8,0.22424552429667519,0.12634271099744246,0.09790281329923274,134.36791815856776,1.2904911180773249
SmartBFT_b10_tps150,SmartBFT,10,150,retrieveEvidenceAndLog,RETRIEVE,4,orderer,4,2.5175,9.01,174.25,193.0,511.0,382.5,496.0,0.0,38.96921017402945,104.90333218825147,78.52353143249742,12.727997251803504,2911,6090,74.7,0.03370147255689424,0.13480589022757697,893.5,0.3069391961525249,0.17554105118515975,0.13139814496736515,183.4268636207489,1.3359477124183008
SmartBFT_b10_tps150,SmartBFT,10,150,retrieveEvidenceAndLog,RETRIEVE,5,orderer,4,2.8600000000000003,10.84,179.5,199.0,524.0,411.2,496.0,0.0,47.31283422459893,88.60175190731846,69.52870302345295,10.483413393614015,3539,5463,74.8,0.03823529411764706,0.15294117647058825,935.2,0.2642554393896581,0.14806442497880756,0.11619101441085052,158.1304549307714,1.27431906614786
SmartBFT_b10_tps150,SmartBFT,10,150,submitEvidence,SUBMIT,1,orderer,4,2.4825,8.97,153.25,193.0,656.0,514.2,612.0,0.0,57.165775401069524,91.80318054256314,71.95913938260055,10.705706267539755,4276,4729,74.8,0.03318850267379679,0.13275401069518716,1170.2,0.273666978484565,0.15341440598690365,0.12025257249766137,163.7623199251637,1.2757681835861534
SmartBFT_b10_tps150,SmartBFT,10,150,submitEvidence,SUBMIT,2,orderer,4,2.3475,8.99,150.75,177.0,540.0,399.7,612.0,0.0,66.524064171123,64.93890675241157,48.06681672025723,9.19967845659164,4976,4027,74.8,0.031383689839572196,0.12553475935828878,939.7,0.18884646302250804,0.1085209003215434,0.08032556270096462,113.00572347266879,1.3510132599449587
SmartBFT_b10_tps150,SmartBFT,10,150,submitEvidence,SUBMIT,3,orderer,4,1.8975,8.5,148.5,172.0,534.0,396.29999999999995,612.0,0.0,69.13101604278076,61.79570682653258,45.86074647070198,8.852755753239217,5171,3834,74.8,0.02536764705882353,0.10147058823529412,930.3,0.17990717462773156,0.10326822664861729,0.07663894797911429,107.65645329723456,1.3474640423921274
SmartBFT_b10_tps150,SmartBFT,10,150,submitEvidence,SUBMIT,4,orderer,4,2.025,5.27,143.0,166.0,508.4,377.6,612.0,0.0,93.61815754339118,43.44456360524815,32.26724472333144,6.537193382772391,7012,1993,74.9,0.027036048064085445,0.10814419225634178,886.0,0.12635482030804335,0.07250427837992013,0.05385054192812322,75.7118083285796,1.3463983050847457
SmartBFT_b10_tps150,SmartBFT,10,150,submitEvidence,SUBMIT,5,orderer,4,2.7925,9.19,156.5,198.0,663.0,514.1,612.0,0.0,44.81927710843373,118.34193548387098,91.76408602150539,13.65483870967742,3348,5657,74.7,0.03738286479250334,0.14953145917001337,1177.1,0.35158303464755075,0.19802867383512546,0.15355436081242532,210.10602150537636,1.2896323672437269
SmartBFT_b10_tps200,SmartBFT,10,200,retrieveEvidenceAndLog,RETRIEVE,1,orderer,4,3.45,23.26,221.25,312.0,907.0,704.0,641.0,0.0,9.429735234215885,769.480777537797,597.2596112311015,67.97645788336933,926,11060,98.2,0.03513238289205703,0.14052953156822812,1611.0,1.7397408207343412,0.9794816414686826,0.7602591792656588,1366.7403887688986,1.2883522727272727
SmartBFT_b10_tps200,SmartBFT,10,200,retrieveEvidenceAndLog,RETRIEVE,2,orderer,4,4.092499999999999,22.37,224.5,315.0,900.0,849.0,644.0,0.0,6.327800829875518,1137.8360655737706,1073.3586885245902,101.77311475409836,610,11379,96.4,0.04245331950207468,0.1698132780082987,1749.0,2.8672131147540982,1.4754098360655739,1.3918032786885246,2211.194754098361,1.0600706713780919
SmartBFT_b10_tps200,SmartBFT,10,200,retrieveEvidenceAndLog,RETRIEVE,3,orderer,4,4.505,24.35,266.25,374.0,1028.0,822.0,617.0,0.0,5.072164948453608,1621.39837398374,1296.4878048780488,121.64430894308944,492,11504,97.0,0.046443298969072164,0.18577319587628865,1850.0,3.7601626016260163,2.089430894308943,1.670731707317073,2917.8861788617887,1.2506082725060828
SmartBFT_b10_tps200,SmartBFT,10,200,retrieveEvidenceAndLog,RETRIEVE,4,orderer,4,3.675,28.02,271.5,378.0,877.0,652.0,535.8,0.0,4.897540983606557,1432.5556485355648,1065.0242677824267,109.40184100418409,478,11442,97.6,0.03765368852459017,0.15061475409836067,1529.0,3.198744769874477,1.8347280334728033,1.3640167364016735,2497.579916317992,1.3450920245398774
SmartBFT_b10_tps200,SmartBFT,10,200,retrieveEvidenceAndLog,RETRIEVE,5,orderer,4,5.6125,40.72,299.25,440.0,1200.0,1250.0,456.0,0.0,2.6343519494204424,3644.1600000000003,3796.0000000000005,173.0976,250,11735,94.9,0.05914120126448893,0.2365648050579557,2450.0,9.8,4.8,5.0,7440.160000000001,0.96
SmartBFT_b10_tps200,SmartBFT,10,200,submitEvidence,SUBMIT,1,orderer,4,3.205,21.82,181.5,239.0,993.0,706.0,816.0,0.0,16.197183098591548,490.45565217391305,348.7026086956522,50.37913043478261,1610,10395,99.4,0.03224346076458753,0.1289738430583501,1699.0,1.0552795031055902,0.6167701863354037,0.43850931677018634,839.1582608695653,1.406515580736544
SmartBFT_b10_tps200,SmartBFT,10,200,submitEvidence,SUBMIT,2,orderer,4,3.8775,34.45,194.0,341.0,1108.0,854.0,816.0,0.0,8.384458077709612,1057.1941463414635,814.8409756097561,97.3229268292683,820,11185,97.8,0.03964723926380368,0.15858895705521472,1962.0,2.392682926829268,1.351219512195122,1.0414634146341464,1872.0351219512195,1.2974238875878221
SmartBFT_b10_tps200,SmartBFT,10,200,submitEvidence,SUBMIT,3,orderer,4,3.4675000000000002,33.36,201.5,360.0,1206.0,948.0,768.0,0.0,12.209889001009083,790.1791735537189,621.135867768595,62.8998347107438,1210,10793,99.1,0.034989909182643796,0.13995963673057518,2154.0,1.7801652892561983,0.996694214876033,0.7834710743801653,1411.3150413223138,1.2721518987341773
SmartBFT_b10_tps200,SmartBFT,10,200,submitEvidence,SUBMIT,4,orderer,4,3.8025,37.78,194.25,267.0,1120.0,876.0,778.0,0.0,9.959349593495935,899.6571428571428,703.6604081632653,78.11755102040817,980,11025,98.4,0.03864329268292683,0.15457317073170732,1996.0,2.036734693877551,1.1428571428571428,0.8938775510204081,1603.3175510204082,1.278538812785388
SmartBFT_b10_tps200,SmartBFT,10,200,submitEvidence,SUBMIT,5,orderer,4,3.91,41.15,190.0,313.0,1117.0,1027.0,816.0,0.0,9.285714285714286,962.3384615384615,884.8,87.87692307692306,910,11095,98.0,0.03989795918367347,0.15959183673469388,2144.0,2.356043956043956,1.2274725274725276,1.1285714285714286,1847.1384615384613,1.0876338851022396
SmartBFT_b10_tps50,SmartBFT,10,50,retrieveEvidenceAndLog,RETRIEVE,1,orderer,4,1.0125,1.51,147.25,155.0,136.2,100.61,165.2,0.0,62.086776859504134,17.5496306156406,12.96379101497504,2.660792013311148,3005,0,48.4,0.020919421487603305,0.08367768595041322,236.81,0.0788053244592346,0.04532445923460898,0.03348086522462562,30.51342163061564,1.353742172746248
SmartBFT_b10_tps50,SmartBFT,10,50,retrieveEvidenceAndLog,RETRIEVE,2,orderer,4,1.1225,1.64,146.5,156.0,136.5,100.84,165.2,0.0,62.086776859504134,17.58828618968386,12.993426955074876,2.660792013311148,3005,0,48.4,0.02319214876033058,0.09276859504132232,237.34,0.07898169717138104,0.0454242928452579,0.03355740432612313,30.581713144758737,1.3536295120983737
SmartBFT_b10_tps50,SmartBFT,10,50,retrieveEvidenceAndLog,RETRIEVE,3,orderer,4,1.0775000000000001,1.68,146.25,153.0,136.2,100.5,165.2,0.0,62.086776859504134,17.5496306156406,12.949617304492513,2.660792013311148,3005,0,48.4,0.02226239669421488,0.08904958677685952,236.7,0.07876871880199666,0.04532445923460898,0.03344425956738769,30.49924792013311,1.355223880597015
SmartBFT_b10_tps50,SmartBFT,10,50,retrieveEvidenceAndLog,RETRIEVE,4,orderer,4,1.2775,2.02,146.25,156.0,136.3,100.61000000000001,165.2,0.0,62.21532091097309,17.52622961730449,12.937006322795341,2.655294509151414,3005,0,48.3,0.026449275362318843,0.10579710144927537,236.91000000000003,0.07883860232945092,0.045357737104825296,0.03348086522462563,30.463235940099832,1.354736109730643
SmartBFT_b10_tps50,SmartBFT,10,50,retrieveEvidenceAndLog,RETRIEVE,5,orderer,4,1.2575,1.82,148.0,156.0,136.3,100.74000000000001,165.2,0.0,62.34439834024896,17.489943427620634,12.926903161397673,2.6497970049916804,3005,0,48.2,0.026089211618257262,0.10435684647302905,237.04000000000002,0.07888186356073212,0.045357737104825296,0.03352412645590683,30.416846589018306,1.3529878896168352
SmartBFT_b10_tps50,SmartBFT,10,50,submitEvidence,SUBMIT,1,orderer,4,1.0925,1.6,88.35,114.0,170.6,125.30000000000001,204.4,0.0,62.086776859504134,21.982136439267887,16.14514475873544,3.2921663893510815,3005,0,48.4,0.02257231404958678,0.09028925619834711,295.9,0.09846921797004991,0.0567720465890183,0.04169717138103162,38.12728119800333,1.3615323224261773
SmartBFT_b10_tps50,SmartBFT,10,50,submitEvidence,SUBMIT,2,orderer,4,1.1075,1.63,88.25,114.0,170.7,125.30000000000001,204.4,0.0,62.086776859504134,21.99502163061564,16.14514475873544,3.2921663893510815,3005,0,48.4,0.022882231404958677,0.09152892561983471,296.0,0.09850249584026623,0.056805324459234606,0.04169717138103162,38.14016638935108,1.3623304070231443
SmartBFT_b10_tps50,SmartBFT,10,50,submitEvidence,SUBMIT,3,orderer,4,1.1375000000000002,1.71,88.3,115.0,170.7,125.28000000000002,204.4,0.0,62.107438016528924,21.987704590818364,16.137197604790423,3.2910711909514307,3006,0,48.4,0.023502066115702484,0.09400826446280994,295.98,0.09846307385229541,0.05678642714570858,0.04167664670658683,38.12490219560878,1.3625478927203063
SmartBFT_b10_tps50,SmartBFT,10,50,submitEvidence,SUBMIT,4,orderer,4,1.16,1.64,87.75,114.0,170.9,125.5,204.4,0.0,62.236024844720504,21.967984031936126,16.132135728542913,3.2842714570858282,3006,0,48.3,0.02401656314699793,0.09606625258799172,296.4,0.09860279441117764,0.05685296074517632,0.04174983366600133,38.10011976047904,1.3617529880478088
SmartBFT_b10_tps50,SmartBFT,10,50,submitEvidence,SUBMIT,5,orderer,4,1.125,1.64,89.65,116.0,170.7,125.5,204.4,0.0,62.21532091097309,21.94957737104825,16.137504159733776,3.2853643926788685,3005,0,48.3,0.02329192546583851,0.09316770186335405,296.2,0.09856905158069883,0.056805324459234606,0.04176372712146423,38.08708153078203,1.3601593625498007
SmartBFT_b300_tps100,SmartBFT,300,100,retrieveEvidenceAndLog,RETRIEVE,1,orderer,4,2.0275,4.18,160.5,176.0,280.8,207.85999999999999,292.0,0.0,60.71789686552072,36.997328892589515,27.386982847626978,4.809125728559534,6005,0,98.9,0.0205005055611729,0.0820020222446916,488.65999999999997,0.08137552039966695,0.04676103247293922,0.03461448792672772,64.38431174021649,1.3509092658520159
SmartBFT_b300_tps100,SmartBFT,300,100,retrieveEvidenceAndLog,RETRIEVE,2,orderer,4,2.3975,5.79,163.75,179.0,294.5,221.39999999999998,292.0,0.0,62.48699271592092,37.70384679433805,28.34509908409658,4.672972522897585,6005,0,96.1,0.024947970863683663,0.09979188345473465,515.9,0.08591174021648626,0.04904246461282265,0.03686927560366361,66.04894587843464,1.330171635049684
SmartBFT_b300_tps100,SmartBFT,300,100,retrieveEvidenceAndLog,RETRIEVE,3,orderer,4,1.7325,4.43,161.0,177.0,275.2,202.45,292.4,0.0,60.77935222672065,36.22282764363031,26.64720732722731,4.81084429641965,6005,0,98.8,0.017535425101214575,0.0701417004048583,477.65,0.07954204829308908,0.04582847626977519,0.033713572023313904,62.87003497085762,1.3593479871573229
SmartBFT_b300_tps100,SmartBFT,300,100,retrieveEvidenceAndLog,RETRIEVE,4,orderer,4,1.9475,4.23,161.75,178.0,277.1,203.76,292.4,0.0,61.5266393442623,36.02992173189009,26.49388975853455,4.752412989175686,6005,0,97.6,0.019953893442622953,0.07981557377049181,480.86,0.08007660283097419,0.04614487926727727,0.03393172356369692,62.52381149042464,1.3599332548095802
SmartBFT_b300_tps100,SmartBFT,300,100,retrieveEvidenceAndLog,RETRIEVE,5,orderer,4,1.705,4.81,161.25,172.0,276.5,203.31,292.4,0.0,61.21304791029562,36.136086594504576,26.570805661948373,4.776759367194004,6005,0,98.1,0.017380224260958206,0.06952089704383282,479.81,0.07990174854288093,0.04604496253122398,0.03385678601165695,62.706892256452946,1.3599921302444542
SmartBFT_b300_tps100,SmartBFT,300,100,submitEvidence,SUBMIT,1,orderer,4,2.0875,4.48,122.75,172.0,358.0,265.6,370.0,0.0,61.02642276422764,46.930491257285595,34.817705245628645,6.062947543713572,6005,0,98.4,0.021214430894308942,0.08485772357723577,623.6,0.10384679433805162,0.05961698584512906,0.044229808492922566,81.74819650291424,1.3478915662650601
SmartBFT_b300_tps100,SmartBFT,300,100,submitEvidence,SUBMIT,2,orderer,4,2.065,4.37,122.25,176.0,362.3,269.6,370.4,0.0,61.90721649484536,46.81845129059118,34.83923397169026,5.983147377185679,6005,0,97.0,0.021288659793814432,0.08515463917525773,631.9000000000001,0.10522897585345548,0.0603330557868443,0.04489592006661116,81.65768526228143,1.3438427299703264
SmartBFT_b300_tps100,SmartBFT,300,100,submitEvidence,SUBMIT,3,orderer,4,1.8900000000000001,3.64,123.5,177.0,367.0,275.2,370.0,0.0,61.02642276422764,48.110308076602834,36.07617651956703,6.062947543713572,6005,0,98.4,0.01920731707317073,0.07682926829268293,642.2,0.10694421315570359,0.06111573688592839,0.04582847626977519,84.18648459616986,1.333575581395349
SmartBFT_b300_tps100,SmartBFT,300,100,submitEvidence,SUBMIT,4,orderer,4,2.8075,6.94,124.5,183.0,370.2,277.7,370.0,0.0,61.79012345679012,47.929990009990014,35.95396603396603,5.988011988011988,6006,0,97.2,0.028883744855967078,0.11553497942386831,647.9,0.10787545787545787,0.06163836163836164,0.04623709623709624,83.88395604395605,1.3330932661145123
SmartBFT_b300_tps100,SmartBFT,300,100,submitEvidence,SUBMIT,5,orderer,4,2.5675,5.88,123.25,177.0,357.5,265.3,370.0,0.0,61.02642276422764,46.86494587843464,34.77837801831807,6.062947543713572,6005,0,98.4,0.026092479674796745,0.10436991869918698,622.8,0.1037135720233139,0.059533721898417984,0.04417985012489592,81.64332389675272,1.3475310968714662
SmartBFT_b300_tps150,SmartBFT,300,150,retrieveEvidenceAndLog,RETRIEVE,1,orderer,4,1.98,6.09,162.75,184.0,412.6,303.18,436.0,0.0,61.3002042205582,53.84647640199889,39.56658922820655,7.1125374791782345,9005,0,146.9,0.0134785568413887,0.0539142273655548,715.78,0.0794869516935036,0.04581898945030539,0.03366796224319822,93.41306563020544,1.3609077115904744
SmartBFT_b300_tps150,SmartBFT,300,150,retrieveEvidenceAndLog,RETRIEVE,2,orderer,4,2.525,7.96,164.5,183.0,427.3,317.5,436.0,0.0,61.678082191780824,55.423253747917826,41.181565796779566,7.068961687951138,9005,0,146.0,0.017294520547945204,0.06917808219178082,744.8,0.08270960577456968,0.04745141588006663,0.03525818989450306,96.60481954469739,1.3458267716535435
SmartBFT_b300_tps150,SmartBFT,300,150,retrieveEvidenceAndLog,RETRIEVE,3,orderer,4,1.9675,5.28,167.75,191.0,423.4,313.9,436.0,0.0,61.63013698630137,54.96012447210491,40.74629917759501,7.0744609913314065,8998,0,146.0,0.013476027397260275,0.0539041095890411,737.3,0.08194043120693487,0.047054901089130914,0.03488553011780395,95.70642364969993,1.3488372093023258
SmartBFT_b300_tps150,SmartBFT,300,150,retrieveEvidenceAndLog,RETRIEVE,4,orderer,4,2.725,7.23,167.75,193.0,416.9,307.7,436.0,0.0,61.41200545702592,54.3085993557703,40.08336776630012,7.099589025880262,9003,0,146.6,0.01858799454297408,0.07435197817189632,724.5999999999999,0.08048428301677217,0.046306786626679995,0.03417749639009219,94.39196712207041,1.354891127721807
SmartBFT_b300_tps150,SmartBFT,300,150,retrieveEvidenceAndLog,RETRIEVE,5,orderer,4,2.2475,8.65,166.25,185.0,421.4,311.8,436.0,0.0,61.53214774281806,54.7876211649622,40.5381591818586,7.0857269897732325,8996,0,146.2,0.01537277701778386,0.06149110807113544,733.2,0.0815028901734104,0.04684304135171187,0.034659848821698536,95.3257803468208,1.3515073765234122
SmartBFT_b300_tps150,SmartBFT,300,150,submitEvidence,SUBMIT,1,orderer,4,1.6525,5.17,139.75,199.0,521.9,383.70000000000005,556.0,0.0,61.509562841530055,67.87887617990005,49.90443531371461,9.039244863964464,9005,0,146.4,0.01128756830601093,0.04515027322404372,905.6,0.10056635202665186,0.05795669072737368,0.042609661299278186,117.78331149361466,1.3601772217878547
SmartBFT_b300_tps150,SmartBFT,300,150,submitEvidence,SUBMIT,2,orderer,4,1.73,6.05,138.25,200.0,533.0,396.0,556.0,0.0,61.76268861454046,69.03844530816214,51.293103831204895,9.002198778456414,9005,0,145.8,0.011865569272976679,0.047462277091906716,929.0,0.10316490838423098,0.059189339255968906,0.043975569128262074,120.33154913936704,1.3459595959595958
SmartBFT_b300_tps150,SmartBFT,300,150,submitEvidence,SUBMIT,3,orderer,4,3.6075,11.59,141.5,199.0,565.0,427.0,556.0,0.0,62.79637377963738,71.97867851193782,54.398045530260966,8.854014436424208,9005,0,143.4,0.025156903765690374,0.1006276150627615,992.0,0.11016102165463632,0.06274292059966685,0.047418101054969464,126.37672404219879,1.323185011709602
SmartBFT_b300_tps150,SmartBFT,300,150,submitEvidence,SUBMIT,4,orderer,4,1.9225,7.19,143.25,201.0,552.0,414.2,556.0,0.0,62.18922651933701,71.00908384230983,53.28254081066075,8.940455302609662,9005,0,144.8,0.013276933701657459,0.053107734806629836,966.2,0.10729594669627986,0.06129927817878956,0.045996668517490284,124.29162465297058,1.3326895219700627
SmartBFT_b300_tps150,SmartBFT,300,150,submitEvidence,SUBMIT,5,orderer,4,2.12,9.14,143.75,193.0,545.0,407.90000000000003,556.0,0.0,62.14630779848171,70.15702387562466,52.50834869516936,8.946629650194337,9005,0,144.9,0.014630779848171153,0.05852311939268461,952.9000000000001,0.10581898945030539,0.06052193225985564,0.045297057190449755,122.66537257079402,1.3361117921059082
SmartBFT_b300_tps200,SmartBFT,300,200,retrieveEvidenceAndLog,RETRIEVE,1,orderer,4,4.26,10.17,178.0,207.0,567.0,420.9,584.0,0.0,70.88009450679267,63.995400000000004,47.50558,8.239266666666667,12000,0,169.3,0.025162433549911396,0.10064973419964558,987.9,0.082325,0.04725,0.035074999999999995,111.50098,1.3471133285816108
SmartBFT_b300_tps200,SmartBFT,300,200,retrieveEvidenceAndLog,RETRIEVE,2,orderer,4,3.55,7.77,176.75,202.0,557.0,412.9,580.0,0.0,72.09891435464415,61.80398193073448,45.81483687468629,8.04450393173833,11954,0,165.8,0.021411338962605546,0.08564535585042218,969.9,0.0811360214154258,0.04659528191400368,0.03454073950142211,107.61881880542077,1.348994914022766
SmartBFT_b300_tps200,SmartBFT,300,200,retrieveEvidenceAndLog,RETRIEVE,3,orderer,4,3.915,11.8,180.0,211.0,589.0,442.9,584.0,0.0,76.60919540229885,61.50697674418605,46.25032258064516,7.623105776444111,11997,0,156.6,0.025,0.1,1031.9,0.08601316995915646,0.04909560723514212,0.036917562724014336,107.75729932483121,1.3298713027771507
SmartBFT_b300_tps200,SmartBFT,300,200,retrieveEvidenceAndLog,RETRIEVE,4,orderer,4,5.0925,18.67,182.75,210.0,622.0,477.1,584.0,0.0,77.62953367875647,64.09931586851327,49.16685466377441,7.5229100617386955,11986,0,154.4,0.032982512953367876,0.1319300518134715,1099.1,0.09169864842316035,0.051893876188887036,0.03980477223427332,113.26617053228767,1.3037099140641375
SmartBFT_b300_tps200,SmartBFT,300,200,retrieveEvidenceAndLog,RETRIEVE,5,orderer,4,4.4775,13.0,176.75,210.0,562.0,419.29999999999995,576.0,0.0,72.29598051157126,62.18879622609721,46.39815348327857,7.967247915087187,11871,0,164.2,0.027268574908647994,0.10907429963459198,981.3,0.08266363406621177,0.04734226265689495,0.03532137140931682,108.58694970937577,1.3403291199618415
SmartBFT_b300_tps200,SmartBFT,300,200,submitEvidence,SUBMIT,1,orderer,4,4.9125,24.85,166.75,224.0,812.0,628.3,736.0,0.0,78.94910773298082,82.28085391377147,63.666330682293854,9.322461280870659,11945,0,151.3,0.03246860541969596,0.12987442167878385,1440.3,0.12057764755127669,0.06797823357053161,0.05259941398074508,145.9471845960653,1.2923762533821423
SmartBFT_b300_tps200,SmartBFT,300,200,submitEvidence,SUBMIT,2,orderer,4,4.025,12.5,162.0,210.0,739.0,554.4,740.0,0.0,75.93295382669197,77.85815910037483,58.409422740524775,9.745439400249895,12005,0,158.1,0.02545857052498419,0.10183428209993677,1293.4,0.1077384423157018,0.06155768429820908,0.04618075801749271,136.2675818408996,1.332972582972583
SmartBFT_b300_tps200,SmartBFT,300,200,submitEvidence,SUBMIT,3,orderer,4,3.345,13.95,159.0,218.0,752.0,566.8,740.0,0.0,78.00910865322057,77.11919933277731,58.12654545454544,9.486071726438698,11990,0,153.7,0.021763175016265453,0.08705270006506181,1318.8,0.10999165971643035,0.06271893244370308,0.04727272727272727,135.24574478732276,1.3267466478475656
SmartBFT_b300_tps200,SmartBFT,300,200,submitEvidence,SUBMIT,4,orderer,4,3.6550000000000002,13.13,162.75,234.0,740.0,555.4,740.0,0.0,74.4727047146402,79.49221157850896,59.662127446897124,9.93652644731362,12005,0,161.2,0.022673697270471468,0.09069478908188587,1295.4,0.10790503956684716,0.061640982923781756,0.04626405664306539,139.15433902540607,1.3323730644580483
SmartBFT_b300_tps200,SmartBFT,300,200,submitEvidence,SUBMIT,5,orderer,4,3.475,10.89,161.25,220.0,751.0,566.7,740.0,0.0,75.69987389659521,79.36605030817924,59.889135432283865,9.77544561052807,12006,0,158.6,0.02191046658259773,0.08764186633039092,1317.7,0.10975345660503082,0.062552057304681,0.047201399300349826,139.2551857404631,1.325216163755073
SmartBFT_b300_tps50,SmartBFT,300,50,retrieveEvidenceAndLog,RETRIEVE,1,orderer,4,0.7425,1.43,144.75,156.0,135.0,98.55,147.2,0.0,60.707070707070706,17.790349417637273,12.986955074875208,2.4247587354409315,3005,0,49.5,0.015000000000000001,0.060000000000000005,233.55,0.07772046589018303,0.04492512479201331,0.032795341098169714,30.77730449251248,1.3698630136986303
SmartBFT_b300_tps50,SmartBFT,300,50,retrieveEvidenceAndLog,RETRIEVE,2,orderer,4,0.845,1.74,146.0,161.0,135.4,99.08,147.2,0.0,61.07723577235772,17.734921797004993,12.977666555740434,2.410063227953411,3005,0,49.2,0.01717479674796748,0.06869918699186991,234.48000000000002,0.07802995008319469,0.04505823627287854,0.03297171381031614,30.712588352745428,1.366572466693581
SmartBFT_b300_tps50,SmartBFT,300,50,retrieveEvidenceAndLog,RETRIEVE,3,orderer,4,0.8475,1.76,146.0,161.0,136.3,99.89999999999999,147.2,0.0,61.4519427402863,17.743946755407656,13.005284525790348,2.39536772046589,3005,0,48.9,0.017331288343558283,0.06932515337423313,236.2,0.07860232945091514,0.045357737104825296,0.03324459234608985,30.749231281198004,1.3643643643643646
SmartBFT_b300_tps50,SmartBFT,300,50,retrieveEvidenceAndLog,RETRIEVE,4,orderer,4,0.9375,2.0,145.5,164.0,135.5,99.16,147.2,0.0,61.20162932790224,17.711946755407656,12.961746422628952,2.4051647254575705,3005,0,49.1,0.019093686354378817,0.07637474541751527,234.66,0.07808985024958402,0.04509151414309484,0.03299833610648918,30.673693178036608,1.3664784187172248
SmartBFT_b300_tps50,SmartBFT,300,50,retrieveEvidenceAndLog,RETRIEVE,5,orderer,4,0.8875,1.96,145.75,161.0,135.3,98.81,147.2,0.0,61.20162932790224,17.685803660565725,12.915996006655575,2.4051647254575705,3005,0,49.1,0.018075356415478614,0.07230142566191446,234.11,0.07790682196339435,0.045024958402662234,0.03288186356073211,30.6017996672213,1.3692946058091287
SmartBFT_b300_tps50,SmartBFT,300,50,submitEvidence,SUBMIT,1,orderer,4,0.92,1.89,85.625,112.0,171.60000000000002,125.37,186.4,0.0,61.326530612244895,22.3850915141431,16.35442262895175,3.0394675540765395,3005,0,49.0,0.018775510204081632,0.07510204081632653,296.97,0.0988252911813644,0.05710482529118137,0.04172046589018303,38.73951414309485,1.3687485044268966
SmartBFT_b300_tps50,SmartBFT,300,50,submitEvidence,SUBMIT,2,orderer,4,0.8275,1.67,87.675,115.0,175.6,129.45,186.0,0.0,61.20162932790224,22.953637271214642,16.921118136439265,3.039134775374376,3005,0,49.1,0.01685336048879837,0.06741344195519348,305.04999999999995,0.10151414309484191,0.058435940099833605,0.043078202995008315,39.87475540765391,1.3565083043646198
SmartBFT_b300_tps50,SmartBFT,300,50,submitEvidence,SUBMIT,3,orderer,4,0.9425,1.97,87.275,117.0,175.7,129.67,186.0,0.0,61.4519427402863,22.873158069883527,16.880833277870213,3.0267554076539103,3005,0,48.9,0.019274028629856853,0.07709611451942741,305.37,0.1016206322795341,0.05846921797004991,0.04315141430948419,39.75399134775374,1.3549780211305624
SmartBFT_b300_tps50,SmartBFT,300,50,submitEvidence,SUBMIT,4,orderer,4,0.9225000000000001,2.02,87.4,118.0,176.0,129.93,186.0,0.0,61.326530612244895,22.959068219633945,16.949271214642266,3.032945091514143,3005,0,49.0,0.0188265306122449,0.0753061224489796,305.93,0.10180698835274543,0.05856905158069883,0.04323793677204659,39.908339434276215,1.3545755406757483
SmartBFT_b300_tps50,SmartBFT,300,50,submitEvidence,SUBMIT,5,orderer,4,0.9225,1.9,87.575,119.0,172.0,125.8,186.4,0.0,61.326530612244895,22.437271214642266,16.410515806988354,3.0394675540765395,3005,0,49.0,0.018826530612244898,0.07530612244897959,297.8,0.09910149750415974,0.05723793677204659,0.04186356073211314,38.84778702163062,1.3672496025437202
