consensus,batch,tps,round_label,phase,role,cpu_avg_mean__n,cpu_avg_mean__mean,cpu_avg_mean__ci95_low,cpu_avg_mean__ci95_high,cpu_max_peak__n,cpu_max_peak__mean,cpu_max_peak__ci95_low,cpu_max_peak__ci95_high,mem_avg_mb_mean__n,mem_avg_mb_mean__mean,mem_avg_mb_mean__ci95_low,mem_avg_mb_mean__ci95_high,mem_max_mb_peak__n,mem_max_mb_peak__mean,mem_max_mb_peak__ci95_low,mem_max_mb_peak__ci95_high,traffic_in_mb_sum__n,traffic_in_mb_sum__mean,traffic_in_mb_sum__ci95_low,traffic_in_mb_sum__ci95_high,traffic_out_mb_sum__n,traffic_out_mb_sum__mean,traffic_out_mb_sum__ci95_low,traffic_out_mb_sum__ci95_high,traffic_in_mbps__n,traffic_in_mbps__mean,traffic_in_mbps__ci95_low,traffic_in_mbps__ci95_high,traffic_out_mbps__n,traffic_out_mbps__mean,traffic_out_mbps__ci95_low,traffic_out_mbps__ci95_high,disk_write_mb_sum__n,disk_write_mb_sum__mean,disk_write_mb_sum__ci95_low,disk_write_mb_sum__ci95_high,disk_write_mb_per_s__n,disk_write_mb_per_s__mean,disk_write_mb_per_s__ci95_low,disk_write_mb_per_s__ci95_high,disk_read_b_sum__n,disk_read_b_sum__mean,disk_read_b_sum__ci95_low,disk_read_b_sum__ci95_high,n_reps,throughput_mean,throughput_ci95_low,throughput_ci95_high,avg_latency_mean_ms,avg_latency_ci95_low_ms,avg_latency_ci95_high_ms,send_rate_mean,succ_total,fail_total,total_tx,fail_rate,orderer_cpu_avg_per_tps
Raft,10,50,submitEvidence,SUBMIT,orderer,5.0,0.36,0.3336645516461177,0.3863354483538823,5.0,0.6859999999999999,0.6205428853675935,0.7514571146324064,5.0,100.08000000000001,98.84741223501125,101.31258776498878,5.0,134.2,127.90637269613141,140.49362730386855,5.0,114.73999999999998,114.44101564990788,115.03898435009208,5.0,138.32,138.07000582534786,138.56999417465212,5.0,14.753932778702161,14.701003337634328,14.806862219769995,5.0,17.785974309484192,17.739210498328617,17.832738120639767,5.0,200.56,200.28800865896136,200.83199134103864,5.0,3.2236405990016634,3.2191269918750414,3.2281542061282855,5.0,0.0,0.0,0.0,5.0,48.3,48.21221517215373,48.387784827846275,246.0,190.75829749184047,301.2417025081595,50.1,15025,0,15025,0.0,0.007453416149068323
Raft,10,100,submitEvidence,SUBMIT,orderer,5.0,0.6639999999999999,0.5583249684362478,0.769675031563752,5.0,1.3400000000000003,1.3048860688614905,1.37511393113851,5.0,132.5,126.56234430098881,138.43765569901117,5.0,179.2,173.15622020255535,185.24377979744463,5.0,227.6,226.96091680666754,228.23908319333245,5.0,274.96000000000004,274.3294140172824,275.5905859827177,5.0,24.9061670887536,21.444828904607537,28.367505272899667,5.0,30.08835305022483,25.912658655524105,34.26404744492555,5.0,400.0,400.0,400.0,5.0,5.471078019953957,4.716631817008271,6.225524222899643,5.0,0.0,0.0,0.0,5.0,82.14000000000001,70.8138519609887,93.46614803901132,8554.0,478.7376715938208,16629.262328406177,100.04,30027,0,30027,0.0,0.008083759435110784
Raft,10,150,submitEvidence,SUBMIT,orderer,5.0,0.6655,0.6500750791250003,0.6809249208749997,5.0,2.194,2.063616625845164,2.324383374154836,5.0,160.85,158.2292883867163,163.4707116132837,5.0,188.2,184.98654767578543,191.41345232421455,5.0,340.52,340.113906209848,340.926093790152,5.0,409.96000000000004,408.1855300753183,411.7344699246818,5.0,28.518313435842543,26.053511603018592,30.983115268666495,5.0,34.328269188020386,31.485576028907786,37.170962347132985,5.0,600.0,600.0,600.0,5.0,6.281113493462376,5.740305895186788,6.8219210917379645,5.0,0.0,0.0,0.0,5.0,76.74000000000001,71.63216000000001,81.84784,36026.0,32051.14409600348,40000.85590399652,150.06,36903,8124,45027,0.1804250782863615,0.008672139692468073
Raft,10,200,submitEvidence,SUBMIT,orderer,5.0,0.8215000000000001,0.7869669616743619,0.8560330383256384,5.0,2.7079999999999997,2.640914928754603,2.7750850712453965,5.0,165.85,163.87972434415892,167.82027565584107,5.0,196.4,193.41015649907894,199.38984350092107,5.0,452.58000000000004,451.4892050722524,453.6707949277477,5.0,499.1,478.8441384096356,519.3558615903644,5.0,95.37005639258291,72.33567317236118,118.40443961280464,5.0,104.66750491993623,82.20571164001903,127.12929819985344,5.0,800.0,800.0,800.0,5.0,21.0754505636448,15.967292697735367,26.183608429554234,5.0,0.0,0.0,0.0,5.0,99.78,99.72448,99.83552,38026.0,37058.34994907456,38993.65005092544,199.94,19743,40261,60004,0.6709719352043197,0.008233112848266187
Raft,100,50,submitEvidence,SUBMIT,orderer,5.0,0.305,0.28219283270548484,0.32780716729451514,5.0,0.6,0.5561075860768628,0.6438924139231371,5.0,103.225,101.88340627163063,104.56659372836936,5.0,138.6,135.24574643773013,141.95425356226986,5.0,113.17999999999999,113.01813277539908,113.3418672246009,5.0,136.21599999999998,136.08211734475293,136.34988265524703,5.0,14.556451015841585,14.527463612093435,14.585438419589735,5.0,17.519188744172336,17.487004181812328,17.551373306532344,5.0,192.0,192.0,192.0,5.0,3.0867185998055575,3.082605832790568,3.090831366820547,5.0,0.0,0.0,0.0,5.0,48.32000000000001,48.264480000000006,48.37552000000001,1350.0,1237.923834469589,1462.076165530411,50.059999999999995,15028,0,15028,0.0,0.006312086092715231
Raft,100,100,submitEvidence,SUBMIT,orderer,5.0,0.503,0.48319970444665034,0.5228002955533497,5.0,0.916,0.8541755445151356,0.9778244554848645,5.0,129.05,126.62199163098643,131.4780083690136,5.0,174.6,168.80354182625285,180.39645817374713,5.0,225.38000000000002,225.0034450393369,225.75655496066315,5.0,271.62,271.17757840197385,272.06242159802616,5.0,29.003802081016396,28.95435612000557,29.05324804202722,5.0,34.95434252342163,34.91446336279724,34.99422168404602,5.0,380.8,380.8,380.8,5.0,6.125571198826153,6.1199756998952175,6.131166697757088,5.0,0.0,0.0,0.0,5.0,96.6,96.51221517215372,96.68778482784629,830.0,725.3923046807741,934.607695319226,100.08,30026,0,30026,0.0,0.005207039337474121
Raft,100,150,submitEvidence,SUBMIT,orderer,5.0,0.875,0.8135898226675741,0.9364101773324259,5.0,1.6199999999999999,1.4311095691147906,1.8088904308852092,5.0,144.6,143.2722998230022,145.9277001769978,5.0,185.2,180.77578401973864,189.62421598026134,5.0,336.76000000000005,336.3814040760917,337.1385959239084,5.0,406.5400000000001,406.3734400000001,406.7065600000001,5.0,43.22591822017039,43.04462319262601,43.40721324771477,5.0,52.182736866605765,51.97979751773294,52.38567621547859,5.0,572.0,572.0,572.0,5.0,9.177612268814576,9.141147761685112,9.21407677594404,5.0,0.0,0.0,0.0,5.0,144.48,143.90838661457238,145.0516133854276,822.0,724.4837388739703,919.5162611260296,150.06,45024,0,45024,0.0,0.006056201550387597
Raft,100,200,submitEvidence,SUBMIT,orderer,5.0,1.041,0.9015146321078802,1.1804853678921197,5.0,2.1420000000000003,2.0078873056567725,2.276112694343228,5.0,155.4,154.26812025373718,156.53187974626283,5.0,194.2,190.98654767578543,197.41345232421455,5.0,447.12,446.46073652732764,447.77926347267237,5.0,539.9,539.3957145570215,540.4042854429784,5.0,54.09214909646287,51.61517315729765,56.56912503562809,5.0,65.3155085801971,62.37445742546684,68.25655973492738,5.0,760.0,760.0,760.0,5.0,11.49291893017509,10.97115531617724,12.01468254417294,5.0,0.0,0.0,0.0,5.0,181.42,173.00116497712423,189.8388350228758,6304.0,2780.320946792118,9827.67905320788,199.88,59983,0,59983,0.0,0.005738066365340095
Raft,300,50,submitEvidence,SUBMIT,orderer,5.0,0.251,0.22640457733642294,0.27559542266357706,5.0,0.59,0.47792383446958936,0.7020761655304106,5.0,100.41499999999999,99.97465166788098,100.85534833211901,5.0,140.0,135.19182695818878,144.80817304181122,5.0,113.1,112.85170701177843,113.34829298822156,5.0,136.124,135.8904857576592,136.35751424234078,5.0,14.850151081530779,14.73171260669693,14.968589556364627,5.0,17.873248585690515,17.727662256514346,18.018834914866684,5.0,192.32,192.09792,192.54208,5.0,3.15649384359401,3.1283419310541323,3.1846457561338877,5.0,0.0,0.0,0.0,5.0,49.32,48.93334794142537,49.70665205857463,1362.0,1257.6135408015004,1466.3864591984996,50.1,15025,0,15025,0.0,0.005089213300892133
Raft,300,100,submitEvidence,SUBMIT,orderer,5.0,0.4085000000000001,0.3655728601465228,0.4514271398534774,5.0,0.764,0.7204601412955899,0.8075398587044101,5.0,137.7,136.8672,138.53279999999998,5.0,198.0,192.80657954715778,203.19342045284222,5.0,225.16,224.690535801578,225.629464198422,5.0,271.46,271.02460141295586,271.8953985870441,5.0,29.44343916400003,29.361658886604957,29.5252194413951,5.0,35.49791077265782,35.43800879865012,35.55781274666552,5.0,388.56,388.28800865896136,388.83199134103864,5.0,6.351339101531275,6.340391046572396,6.362287156490154,5.0,0.0,0.0,0.0,5.0,98.16,98.04896,98.27104,1614.0,1418.7700164011685,1809.2299835988315,100.08,30026,0,30026,0.0,0.0041615729421352905
Raft,300,150,submitEvidence,SUBMIT,orderer,5.0,0.8089999999999999,0.5911503158230428,1.026849684176957,5.0,1.78,1.565869789146884,1.994130210853116,5.0,164.95,162.48263722975318,167.4173627702468,5.0,227.4,223.22675692536367,231.57324307463634,5.0,336.7,336.27899875534627,337.1210012446537,5.0,406.3,405.71112147262784,406.8888785273722,5.0,43.44754744986521,43.178621391808264,43.71647350792216,5.0,52.42864478253375,52.11487841366134,52.742411151406166,5.0,598.4,593.9584,602.8416,5.0,9.65191415410267,9.644280644982796,9.659547663222543,5.0,0.0,0.0,0.0,5.0,145.26,144.25679185330262,146.26320814669737,2050.0,1799.3900752164832,2300.609924783517,150.04000000000002,45028,0,45028,0.0,0.0055693239708109596
Raft,300,200,submitEvidence,SUBMIT,orderer,5.0,1.001,0.9228641059691514,1.0791358940308484,5.0,2.216,2.0217593304789134,2.410240669521087,5.0,176.15,173.4567792218238,178.8432207781762,5.0,234.2,221.68027077609102,246.71972922390896,5.0,446.32,445.6321343107844,447.0078656892156,5.0,539.06,538.4233330088657,539.6966669911342,5.0,57.07921829116417,56.653457871752124,57.50497871057621,5.0,68.93975628811125,68.39154427646136,69.48796829976115,5.0,792.8,790.5791999999999,795.0208,5.0,12.673821468737867,12.559647178480615,12.787995758995118,5.0,0.0,0.0,0.0,5.0,191.58,190.21326042626987,192.9467395737301,2496.0,1664.0054294792544,3327.9945705207456,199.62,59921,0,59921,0.0,0.00522497129136653
SmartBFT,10,50,submitEvidence,SUBMIT,orderer,5.0,1.1245,1.091992933322122,1.157007066677878,5.0,1.6439999999999997,1.5938780150432963,1.694121984956703,5.0,88.46,87.58171290707422,89.33828709292577,5.0,114.6,113.4896,115.71039999999999,5.0,170.71999999999997,170.58400432948065,170.8559956705193,5.0,125.37600000000002,125.23510603499088,125.51689396500916,5.0,21.976484812737255,21.95412369237112,21.99884593310339,5.0,16.139425402107598,16.132424165159392,16.146426639055804,5.0,204.4,204.4,204.4,5.0,3.289007963883658,3.284203064857081,3.2938128629102352,5.0,0.0,0.0,0.0,5.0,48.36,48.29200216474034,48.42799783525966,270.0,218.0657954715777,321.9342045284223,50.059999999999995,15027,0,15027,0.0,0.023252688172043012
SmartBFT,10,100,submitEvidence,SUBMIT,orderer,5.0,1.7695,1.4754912595448904,2.06350874045511,5.0,3.682,3.4125134463020466,3.9514865536979533,5.0,126.3,122.162688863525,130.437311136475,5.0,160.2,156.1390620984802,164.26093790151978,5.0,339.9,339.72443034430745,340.0755696556925,5.0,249.234,248.8895522017838,249.57844779821622,5.0,31.145645295587013,27.855804304293876,34.43548628688015,5.0,22.836732056619486,20.443653323274958,25.229810789964013,5.0,408.0,408.0,408.0,5.0,4.673145711906745,4.1809328892634445,5.1653585345500455,5.0,0.0,0.0,0.0,5.0,68.78,61.53554411771319,76.02445588228682,18530.0,12788.959507434214,24271.040492565782,100.1,30025,0,30025,0.0,0.02572695551032277
SmartBFT,10,150,submitEvidence,SUBMIT,orderer,5.0,2.309,1.8633914682863446,2.754608531713656,5.0,8.184000000000001,6.13739694167726,10.230603058322743,5.0,150.4,144.07507421703622,156.7249257829638,5.0,181.2,164.14622967669612,198.25377032330385,5.0,580.28,489.24758218371653,671.3124178162834,5.0,440.38,356.1265295364137,524.6334704635863,5.0,76.06485864212529,39.72933478954182,112.40038249470877,5.0,57.983606663679325,28.58503247517742,87.38218085218122,5.0,612.0,612.0,612.0,5.0,9.790034513964084,6.529968296982784,13.050100730945385,5.0,0.0,0.0,0.0,5.0,74.79999999999998,74.7122151721537,74.88778482784626,40094.0,39317.18611118493,40870.81388881507,150.06,24783,20240,45023,0.4495480087955045,0.03086898395721926
SmartBFT,10,200,submitEvidence,SUBMIT,orderer,5.0,3.6525000000000007,3.272932118482083,4.032067881517919,5.0,33.712,24.632301059066776,42.79169894093323,5.0,192.25,183.18539291529964,201.31460708470036,5.0,304.0,241.3705853132891,366.6294146867109,5.0,1108.8,1014.5573552629171,1203.0426447370828,5.0,882.2,733.7724951505281,1030.627504849472,5.0,839.96491529294,569.1360371602245,1110.7937934256554,5.0,674.6279720474537,415.87588349419366,933.3800606007137,5.0,798.8,769.2333193367939,828.366680663206,5.0,75.31927321442518,51.87941832803915,98.75912810081121,5.0,0.0,0.0,0.0,5.0,98.54,97.68168162923072,99.39831837076926,32608.0,28026.149979819944,37189.850020180056,200.04,5530,54493,60023,0.9078686503506987,0.03706616602394967
SmartBFT,100,50,submitEvidence,SUBMIT,orderer,5.0,0.5599999999999999,0.4909478718648005,0.6290521281351994,5.0,1.148,0.44126943517065853,1.8547305648293413,5.0,85.22,83.9064503030338,86.5335496969662,5.0,111.8,107.37578401973863,116.22421598026136,5.0,167.74,165.59582076271596,169.88417923728406,5.0,121.59,119.42541411125362,123.75458588874639,5.0,21.979538103161396,21.737099742723483,22.221976463599308,5.0,15.932271813643927,15.677024456714648,16.187519170573207,5.0,186.4,186.4,186.4,5.0,3.053114143094842,3.0466711908658253,3.059557095323859,5.0,0.0,0.0,0.0,5.0,49.220000000000006,49.11613159094316,49.32386840905685,1356.0,1244.4061811030735,1467.5938188969265,50.1,15025,0,15025,0.0,0.011377488825680616
SmartBFT,100,100,submitEvidence,SUBMIT,orderer,5.0,1.8259999999999998,1.713717748793498,1.9382822512065017,5.0,2.8579999999999997,2.4341347062284995,3.2818652937715,5.0,113.3,111.85421293407362,114.74578706592638,5.0,156.0,154.47952218036565,157.52047781963435,5.0,331.76000000000005,331.57172251966847,331.9482774803316,5.0,239.82,239.63070203804585,240.00929796195413,5.0,42.801153705245625,42.68657087840719,42.91573653208406,5.0,30.93975766860949,30.85244324418879,31.027072093030192,5.0,372.4,372.4,372.4,5.0,6.005531390507909,5.98698987977114,6.024072901244678,5.0,0.0,0.0,0.0,5.0,96.84,96.5410156499079,97.1389843500921,1022.0,943.777856434383,1100.222143565617,100.08,30025,0,30025,0.0,0.018855844692275917
SmartBFT,100,150,submitEvidence,SUBMIT,orderer,5.0,3.0255,2.638577728188206,3.4124222718117942,5.0,5.754,4.546947444550984,6.961052555449015,5.0,127.65,126.34056341887054,128.95943658112947,5.0,165.8,161.55353654907995,170.04646345092007,5.0,495.5400000000001,494.4484988274858,496.63150117251433,5.0,357.394,356.57235089323,358.21564910677,5.0,63.4317679525242,63.08693830385701,63.77659760119138,5.0,45.74829865047155,45.51341458906745,45.98318271187564,5.0,559.2,556.9792,561.4208000000001,5.0,8.947520128575496,8.91003768251407,8.985002574636923,5.0,0.0,0.0,0.0,5.0,144.06,143.52171362863248,144.59828637136752,1268.0,1068.707172472264,1467.292827527736,150.02,45017,0,45017,0.0,0.021001665972511453
SmartBFT,100,200,submitEvidence,SUBMIT,orderer,5.0,3.1105,2.8295765493163665,3.3914234506836336,5.0,8.214,7.066010716593574,9.361989283406427,5.0,144.5,140.90725108030077,148.09274891969923,5.0,180.0,173.98177541130278,186.01822458869722,5.0,655.76,653.6447681485,657.8752318515,5.0,472.054,470.8951538208994,473.21284617910055,5.0,65.86795433111148,63.76738676483994,67.96852189738301,5.0,47.41582514344263,45.89080112605839,48.94084916082687,5.0,741.6,738.8800865896136,744.3199134103864,5.0,9.311180596919783,9.019445740020561,9.602915453819005,5.0,0.0,0.0,0.0,5.0,150.22,145.3241558613044,155.1158441386956,27424.0,24316.992460502228,30531.007539497772,199.1,59821,0,59821,0.0,0.020706297430435363
SmartBFT,300,50,submitEvidence,SUBMIT,orderer,5.0,0.907,0.8506875553363202,0.9633124446636798,5.0,1.89,1.723671494204992,2.056328505795008,5.0,87.11,86.06171535468653,88.15828464531347,5.0,116.2,112.75507459587294,119.64492540412706,5.0,174.18,171.47087430664433,176.88912569335568,5.0,128.044,125.2428853192031,130.8451146807969,5.0,22.721645257903496,22.3665325129245,23.076758002882492,5.0,16.70323221297837,16.337630470703736,17.068833955253005,5.0,186.16,185.88800865896135,186.43199134103864,5.0,3.0355540765391016,3.0285402008013755,3.0425679522768276,5.0,0.0,0.0,0.0,5.0,49.0,48.91221517215372,49.08778482784628,1538.0,1369.736841156479,1706.263158843521,50.1,15025,0,15025,0.0,0.018510204081632654
SmartBFT,300,100,submitEvidence,SUBMIT,orderer,5.0,2.2835,1.804194638986794,2.762805361013206,5.0,5.062,3.415516043812149,6.708483956187852,5.0,123.25,122.19749688836565,124.30250311163435,5.0,177.0,172.11234763920345,181.88765236079655,5.0,363.0,356.09953179095794,369.90046820904206,5.0,270.68,263.7225885613686,277.63741143863143,5.0,47.33083730258085,46.544089846530156,48.11758475863155,5.0,35.29309195783401,34.472670996834715,36.1135129188333,5.0,370.08000000000004,369.85792000000004,370.30208000000005,5.0,6.032000399267677,5.9793486162751,6.084652182260253,5.0,0.0,0.0,0.0,5.0,97.88,96.99168,98.76832,2030.0,1812.8323294778893,2247.1676705221107,100.08,30026,0,30026,0.0,0.023329587249693504
SmartBFT,300,150,submitEvidence,SUBMIT,orderer,5.0,2.2064999999999997,1.20850821299171,3.2044917870082896,5.0,7.828,4.6321451459642295,11.023854854035772,5.0,141.3,138.41843711850672,144.1815628814933,5.0,198.4,194.5136,202.28640000000001,5.0,543.38,522.6667982896317,564.0932017103682,5.0,405.76000000000005,385.089962905268,426.4300370947321,5.0,70.0124215435869,68.01244333554625,72.01239975162754,5.0,52.277294836202124,50.112674849912764,54.44191482249148,5.0,556.0,556.0,556.0,5.0,8.956508606329818,8.86917872293577,9.043838489723866,5.0,0.0,0.0,0.0,5.0,145.06,143.64560143891475,146.47439856108525,2408.0,2098.8278681640277,2717.1721318359723,150.08,45025,0,45025,0.0,0.01521094719426444
SmartBFT,300,200,submitEvidence,SUBMIT,orderer,5.0,3.8825000000000003,3.10029703641574,4.6647029635842605,5.0,15.063999999999998,8.131123540767799,21.996876459232197,5.0,162.35,158.8344943806047,165.8655056193953,5.0,221.2,210.2920507225235,232.10794927747648,5.0,758.8,721.130181197144,796.4698188028559,5.0,574.3199999999999,536.1400177998155,612.4999822001844,5.0,79.22329484672237,76.76123351971154,81.6853561737332,5.0,59.950712351309015,57.20288940845694,62.69853529416109,5.0,739.2,736.9792,741.4208000000001,5.0,9.65318889308019,9.34843141798645,9.957946368173928,5.0,0.0,0.0,0.0,5.0,156.57999999999998,151.61771073088235,161.54228926911762,23524.0,19595.880546386605,27452.119453613395,199.78,59951,0,59951,0.0,0.02479563162600588
Raft,10,50,retrieveEvidenceAndLog,RETRIEVE,orderer,5.0,0.3345,0.32588768648968236,0.3431123135103177,5.0,0.634,0.6004574643773014,0.6675425356226986,5.0,157.0,155.16384859012118,158.83615140987882,5.0,173.4,170.28394772829466,176.51605227170535,5.0,91.38,91.09690243660532,91.66309756339467,5.0,110.042,109.88783824474274,110.19616175525726,5.0,11.755016306156406,11.722247706849204,11.787784905463608,5.0,14.15568186356073,14.134509220055715,14.176854507065745,5.0,161.2,161.2,161.2,5.0,2.592074542429284,2.589096231613976,2.595052853244592,5.0,0.0,0.0,0.0,5.0,48.32000000000001,48.264480000000006,48.37552000000001,224.0,195.41933072862008,252.58066927137992,50.1,15025,0,15025,0.0,0.006922599337748344
Raft,10,100,retrieveEvidenceAndLog,RETRIEVE,orderer,5.0,0.675,0.6184485805660017,0.7315514194339984,5.0,1.4460000000000002,1.325443590232622,1.5665564097673783,5.0,177.15,175.93599581549321,178.3640041845068,5.0,192.0,189.08850663747967,194.91149336252033,5.0,181.16,181.01845121830266,181.30154878169733,5.0,218.98000000000002,218.81813277539914,219.1418672246009,5.0,19.447948043297252,17.469978802831818,21.425917283762686,5.0,23.508191174021647,21.113242118878098,25.903140229165196,5.0,322.0,322.0,322.0,5.0,4.320859283930058,3.8827763151745573,4.758942252685558,5.0,0.0,0.0,0.0,5.0,80.58,72.41016078454416,88.74983921545584,8378.0,3687.090590951047,13068.909409048953,100.1,30025,0,30025,0.0,0.008376768428890544
Raft,10,150,retrieveEvidenceAndLog,RETRIEVE,orderer,5.0,0.7,0.6590598817783826,0.7409401182216173,5.0,2.1719999999999997,2.0618658952730806,2.282134104726919,5.0,183.95,182.16168709673053,185.73831290326945,5.0,195.0,191.07414315085228,198.92585684914772,5.0,270.4,270.04886068861487,270.7511393113851,5.0,326.5,326.2366455164612,326.7633544835388,5.0,22.058193635777467,20.983968631489248,23.132418640065687,5.0,26.63491114279937,25.327187432784832,27.94263485281391,5.0,484.0,484.0,484.0,5.0,4.93541373703996,4.693137187107257,5.1776902869726635,5.0,0.0,0.0,0.0,5.0,77.14000000000001,71.0602431132816,83.21975688671843,36772.0,32010.578127686647,41533.42187231335,150.06,37946,7075,45021,0.157148886075387,0.00907441016333938
Raft,10,200,retrieveEvidenceAndLog,RETRIEVE,orderer,5.0,0.866,0.7446471988951223,0.9873528011048777,5.0,3.0740000000000003,2.804199076176526,3.3438009238234745,5.0,185.35,184.0222998230022,186.6777001769978,5.0,201.6,199.1799393065462,204.0200606934538,5.0,358.41999999999996,358.0644985423377,358.77550145766224,5.0,397.16,380.6817799788448,413.63822002115523,5.0,78.9148868215535,58.8270545348217,99.00271910828529,5.0,86.97880052172992,67.29162917784532,106.66597186561452,5.0,642.8,641.4400432948067,644.1599567051932,5.0,17.68985290669632,13.192349861727457,22.187355951665182,5.0,0.0,0.0,0.0,5.0,99.78,99.72448,99.83552,39910.0,39172.39846420984,40647.60153579016,199.98,18998,41015,60013,0.6834352556945995,0.008679094006814993
Raft,100,50,retrieveEvidenceAndLog,RETRIEVE,orderer,5.0,0.27799999999999997,0.26911246355844315,0.2868875364415568,5.0,0.55,0.48981775411302775,0.6101822458869723,5.0,162.05,160.5232,163.57680000000002,5.0,176.0,173.08850663747967,178.91149336252033,5.0,89.72,89.66448,89.77552,5.0,107.918,107.8657698716831,107.97023012831691,5.0,11.527150748752078,11.514007503176643,11.540293994327513,5.0,13.865220898502496,13.841610298525953,13.888831498479039,5.0,149.2,149.2,149.2,5.0,2.3961371048252906,2.392760972705244,2.3995132369453374,5.0,0.0,0.0,0.0,5.0,48.260000000000005,48.192002164740344,48.327997835259666,1256.0,1161.2086437695923,1350.7913562304077,50.1,15025,0,15025,0.0,0.0057604641525072515
Raft,100,100,retrieveEvidenceAndLog,RETRIEVE,orderer,5.0,0.48650000000000004,0.4739695037608242,0.4990304962391759,5.0,0.8800000000000001,0.8237902841138652,0.936209715886135,5.0,175.85,174.08609281423313,177.61390718576686,5.0,186.6,184.5226318188631,188.6773681811369,5.0,178.76,178.5522631818863,178.96773681811368,5.0,214.948,214.63758411009744,215.25841588990258,5.0,23.019414487926728,22.977778283680482,23.061050692172973,5.0,27.67944153205662,27.624777627523592,27.73410543658965,5.0,298.4,298.4,298.4,5.0,4.803221315570357,4.7998423723494605,4.806600258791254,5.0,0.0,0.0,0.0,5.0,96.66,96.59200216474034,96.72799783525966,762.0,666.0772490803147,857.9227509196853,100.1,30025,0,30025,0.0,0.005033105731429755
Raft,100,150,retrieveEvidenceAndLog,RETRIEVE,orderer,5.0,0.8145,0.7787472106822418,0.8502527893177582,5.0,1.5080000000000002,1.4014218435888481,1.6145781564111523,5.0,178.85,176.58411391283673,181.11588608716326,5.0,189.0,185.07414315085228,192.92585684914772,5.0,267.1,266.70741431508526,267.4925856849148,5.0,322.34000000000003,321.9614040760917,322.71859592390837,5.0,34.37863942254303,34.31808208554259,34.43919675954347,5.0,41.48862009994448,41.426366417728204,41.55087378216075,5.0,448.0,448.0,448.0,5.0,7.207800111049417,7.205037983342588,7.210562238756247,5.0,0.0,0.0,0.0,5.0,144.88,144.82448,144.93552,674.0,587.2749875987325,760.7250124012675,150.1,45025,0,45025,0.0,0.005621893981225842
Raft,100,200,retrieveEvidenceAndLog,RETRIEVE,orderer,5.0,1.0115,0.9661716515191653,1.0568283484808347,5.0,2.07,1.9976107764926296,2.14238922350737,5.0,180.85,179.27353504320584,182.42646495679415,5.0,197.0,191.1770132749593,202.8229867250407,5.0,354.04,353.46704005585036,354.6129599441497,5.0,427.46000000000004,426.6525704429488,428.2674295570513,5.0,43.64056071281746,41.976767112568716,45.304354313066206,5.0,52.691000942514826,50.663261145559915,54.71874073946974,5.0,596.8,594.5791999999999,599.0208,5.0,9.195201671225574,8.860264360578135,9.530138981873012,5.0,0.0,0.0,0.0,5.0,184.84,177.70260222030467,191.97739777969537,5926.0,3065.6475331707807,8786.35246682922,199.92,59981,0,59981,0.0,0.0054723003678857395
Raft,300,50,retrieveEvidenceAndLog,RETRIEVE,orderer,5.0,0.238,0.23059010769309024,0.24540989230690974,5.0,0.52,0.4624356388031623,0.5775643611968377,5.0,160.45,158.73033577696108,162.1696642230389,5.0,177.4,171.67040055850325,183.12959944149677,5.0,89.56,89.41845121830266,89.70154878169734,5.0,107.72999999999999,107.57494107855398,107.885058921446,5.0,11.69729384359401,11.623112725467319,11.771474961720703,5.0,14.070474542429286,13.974406053796486,14.166543031062087,5.0,149.44,149.16800865896136,149.71199134103864,5.0,2.439776372712146,2.4213232962016535,2.458229449222639,5.0,0.0,0.0,0.0,5.0,49.059999999999995,48.70233741934611,49.41766258065388,1284.0,1277.2002164740338,1290.7997835259662,50.1,15025,0,15025,0.0,0.0048512026090501426
Raft,300,100,retrieveEvidenceAndLog,RETRIEVE,orderer,5.0,0.4305,0.3992006769402276,0.4617993230597724,5.0,0.8640000000000001,0.7153867421257445,1.0126132578742557,5.0,184.15,182.95599725293448,185.34400274706553,5.0,203.0,199.95904436073133,206.04095563926867,5.0,178.51999999999998,178.11390620984798,178.92609379015198,5.0,214.70999999999998,214.18799388570628,215.23200611429368,5.0,23.288131890091588,23.232288092747087,23.34397568743609,5.0,28.009158767693588,27.936839695901252,28.081477839485924,5.0,301.68,301.45792,301.90208,5.0,4.919317901748543,4.906992730955662,4.931643072541424,5.0,0.0,0.0,0.0,5.0,97.92,97.6811994505869,98.1588005494131,1438.0,1373.8509705139666,1502.1490294860334,100.1,30025,0,30025,0.0,0.0043964460784313725
Raft,300,150,retrieveEvidenceAndLog,RETRIEVE,orderer,5.0,0.7865,0.6367084959151554,0.9362915040848445,5.0,1.582,1.1684412131945447,1.9955587868054554,5.0,199.95,195.30797515732627,204.5920248426737,5.0,231.4,218.15641416534027,244.64358583465975,5.0,266.41999999999996,266.08687999999995,266.75311999999997,5.0,320.88,320.6411994505869,321.1188005494131,5.0,34.291105830094395,34.25124521129917,34.33096644888962,5.0,41.30069428095503,41.266946128751876,41.33444243315818,5.0,460.0,460.0,460.0,5.0,7.400866185452526,7.398030072182121,7.403702298722931,5.0,0.0,0.0,0.0,5.0,144.88,144.82448,144.93552,1766.0,1639.5167150331713,1892.4832849668287,150.1,45025,0,45025,0.0,0.005428630590833794
Raft,300,200,retrieveEvidenceAndLog,RETRIEVE,orderer,5.0,1.0639999999999998,0.9921249157496144,1.1358750842503853,5.0,2.372,2.1090261925133986,2.634973807486601,5.0,200.55,197.5779293009755,203.5220706990245,5.0,231.6,227.1584,236.0416,5.0,353.96,353.032633167727,354.88736683227296,5.0,426.96000000000004,425.71049159362576,428.2095084063743,5.0,45.424382788860406,45.02353130087708,45.82523427684373,5.0,54.79270441066942,54.28533618191323,55.300072639425615,5.0,618.4,613.9584,622.8416,5.0,9.920247876372219,9.782105111312177,10.058390641432261,5.0,0.0,0.0,0.0,5.0,192.5,191.16002275840225,193.83997724159775,1830.0,1082.6937878486492,2577.306212151351,199.94,60001,0,60001,0.0,0.005527272727272726
SmartBFT,10,50,retrieveEvidenceAndLog,RETRIEVE,orderer,5.0,1.1495000000000002,1.0069611175012236,1.2920388824987767,5.0,1.734,1.4926954914304336,1.9753045085695664,5.0,146.85,145.90351019022918,147.7964898097708,5.0,155.2,153.58132775399093,156.81867224600904,5.0,136.3,136.14795221803658,136.45204778196344,5.0,100.66,100.49647498442134,100.82352501557865,5.0,17.540744093178038,17.49594127148598,17.585546914870097,5.0,12.95414895174709,12.921939757083754,12.986358146410426,5.0,165.2,165.2,165.2,5.0,2.657493510815308,2.6513890821963395,2.6635979394342764,5.0,0.0,0.0,0.0,5.0,48.34,48.22896,48.45103999999999,254.0,185.10149191745876,322.89850808254124,50.1,15025,0,15025,0.0,0.023779478692594128
SmartBFT,10,100,retrieveEvidenceAndLog,RETRIEVE,orderer,5.0,1.8555,1.5255294547933103,2.1854705452066896,5.0,3.6020000000000003,3.3115927167855466,3.892407283214454,5.0,160.45,158.43381354036885,162.46618645963113,5.0,166.4,162.04601412955898,170.75398587044103,5.0,271.12,271.0161315909432,271.2238684090568,5.0,199.938,199.68579616040986,200.1902038395901,5.0,26.056627477102417,23.316615827487773,28.79663912671706,5.0,19.216014920899248,17.186166470098993,21.245863371699503,5.0,330.4,330.4,330.4,5.0,3.969201665278934,3.5524037849053705,4.385999545652497,5.0,0.0,0.0,0.0,5.0,72.14,64.5647237541064,79.7152762458936,15684.0,9663.339163691748,21704.660836308252,100.1,30025,0,30025,0.0,0.025720820626559466
SmartBFT,10,150,retrieveEvidenceAndLog,RETRIEVE,orderer,5.0,2.7455,2.3339667774966397,3.15703322250336,5.0,9.963999999999999,7.574226745296533,12.353773254703464,5.0,178.15,173.8572860146523,182.44271398534772,5.0,201.2,187.58910469366543,214.81089530633454,5.0,518.0,498.6275770436427,537.3724229563574,5.0,399.94,379.9999705510348,419.8800294489652,5.0,97.9105603551269,68.33883855288897,127.48228215736484,5.0,75.4600252144655,53.387106666544135,97.53294376238688,5.0,496.0,496.0,496.0,5.0,11.694043279751867,8.374272507276533,15.0138140522272,5.0,0.0,0.0,0.0,5.0,74.82000000000001,74.71613159094316,74.92386840905685,39096.0,35508.353189164794,42683.646810835206,150.02,16466,28547,45013,0.6341945660142625,0.03669473402833466
SmartBFT,10,200,retrieveEvidenceAndLog,RETRIEVE,orderer,5.0,4.267,3.2071245269259228,5.326875473074078,5.0,27.744,18.35147220033627,37.136527799663725,5.0,256.55,215.30899525666234,297.7910047433377,5.0,363.8,298.175923657243,429.424076342757,5.0,982.4,814.6721595078503,1150.1278404921495,5.0,855.4,563.4846253433027,1147.3153746566973,5.0,1721.0861731261746,327.9415109278025,3114.2308353245467,5.0,1565.6260744832337,-14.216257712257402,3145.468406678725,5.0,578.76,477.69691487205824,679.8230851279418,5.0,114.77866451694827,67.35561208097826,162.20171695291828,5.0,0.0,0.0,0.0,5.0,96.82,95.24867610264468,98.39132389735536,21406.0,15953.109199148032,26858.890800851965,199.36,2756,57120,59876,0.953971541185116,0.044071472836190874
SmartBFT,100,50,retrieveEvidenceAndLog,RETRIEVE,orderer,5.0,0.5125,0.4159616314618897,0.6090383685381102,5.0,1.116,0.61921232646532,1.6127876735346802,5.0,143.45,141.83132775399093,145.06867224600904,5.0,155.4,153.14476693887306,157.65523306112695,5.0,133.01999999999998,131.41711538830768,134.62288461169229,5.0,96.5128,95.00194216518302,98.02365783481697,5.0,17.465690515806983,17.252873803243844,17.678507228370123,5.0,12.672243966722128,12.473321981243572,12.871165952200684,5.0,147.2,147.2,147.2,5.0,2.4159414309484193,2.413221782362729,2.4186610795341097,5.0,0.0,0.0,0.0,5.0,49.32,49.26448,49.37552,1306.0,1198.271168872952,1413.728831127048,50.1,15025,0,15025,0.0,0.010391321978913218
SmartBFT,100,100,retrieveEvidenceAndLog,RETRIEVE,orderer,5.0,2.0294999999999996,1.7757540108218453,2.283245989178154,5.0,3.016,2.521778435824579,3.510221564175421,5.0,153.8,153.16393849354014,154.43606150645988,5.0,163.6,160.61015649907893,166.58984350092106,5.0,263.1,262.8849719646186,263.31502803538143,5.0,190.166,189.81998966729878,190.5120103327012,5.0,33.992254454621154,33.96393606249613,34.02057284674618,5.0,24.56924429641965,24.538036042997,24.600452549842302,5.0,294.4,294.4,294.4,5.0,4.754523230641132,4.751801317568693,4.757245143713571,5.0,0.0,0.0,0.0,5.0,96.98,96.92448,97.03552,884.0,787.596430273563,980.403569726437,100.1,30025,0,30025,0.0,0.020926995256753966
SmartBFT,100,150,retrieveEvidenceAndLog,RETRIEVE,orderer,5.0,3.461,3.218978009726389,3.703021990273611,5.0,5.472,4.913106326763311,6.03089367323669,5.0,156.55,155.63455112649586,157.46544887350416,5.0,166.4,164.14476693887306,168.65523306112695,5.0,393.6,393.3366455164612,393.86335448353884,5.0,284.244,283.5090884059045,284.97891159409556,5.0,50.38078400888395,50.16303420117571,50.59853381659219,5.0,36.38339695724598,36.14316536232358,36.62362855216838,5.0,440.0,440.0,440.0,5.0,7.040000000000001,7.008950539063007,7.071049460936995,5.0,0.0,0.0,0.0,5.0,144.07999999999998,143.44454455514173,144.71545544485824,956.0,713.7393213581701,1198.2606786418298,150.1,45025,0,45025,0.0,0.024021377012770684
SmartBFT,100,200,retrieveEvidenceAndLog,RETRIEVE,orderer,5.0,2.9445000000000006,2.610698264258558,3.2783017357414432,5.0,7.866,6.532173164006662,9.199826835993338,5.0,163.55,162.74663691894636,164.35336308105366,5.0,184.4,182.7344,186.06560000000002,5.0,520.26,517.7269855630889,522.7930144369111,5.0,375.11800000000005,373.16027237382116,377.07572762617895,5.0,51.94595100381672,50.450860255173865,53.44104175245957,5.0,37.45411576702603,36.3717154956716,38.53651603838046,5.0,586.4,583.6800865896136,589.1199134103864,5.0,7.31897623673243,7.092133775487752,7.545818697977109,5.0,0.0,0.0,0.0,5.0,149.3,144.52318232125197,154.07681767874806,28122.0,25923.1276138384,30320.8723861616,199.16000000000005,59809,0,59809,0.0,0.019722036168787677
SmartBFT,300,50,retrieveEvidenceAndLog,RETRIEVE,orderer,5.0,0.852,0.7628432809935224,0.9411567190064776,5.0,1.778,1.4967595504483753,2.0592404495516248,5.0,145.6,144.9564108764126,146.24358912358738,5.0,160.6,157.0233741934611,164.17662580653888,5.0,135.5,134.89817754113028,136.10182245886972,5.0,99.1,98.46984188549222,99.73015811450777,5.0,17.73339367720466,17.68498275574137,17.78180459866795,5.0,12.969529717138105,12.927545548717298,13.011513885558912,5.0,147.2,147.2,147.2,5.0,2.4081038269550747,2.3947803243258274,2.421427329584322,5.0,0.0,0.0,0.0,5.0,49.16,48.888008658961354,49.43199134103864,1342.0,1299.5353654907992,1384.4646345092008,50.1,15025,0,15025,0.0,0.017331163547599674
SmartBFT,300,100,retrieveEvidenceAndLog,RETRIEVE,orderer,5.0,1.9620000000000002,1.6147890880977387,2.3092109119022615,5.0,4.688,3.8636448432962887,5.512355156703711,5.0,161.65,160.08888560316677,163.21111439683324,5.0,176.4,173.04574643773014,179.75425356226987,5.0,280.82,270.98128264424673,290.65871735575325,5.0,207.756,197.9402170894291,217.5717829105709,5.0,36.618002331390514,35.72769116930626,37.508313493474766,5.0,27.088796935886755,26.110391646606985,28.067202225166525,5.0,292.23999999999995,291.9680086589613,292.5119913410386,5.0,4.764422980849291,4.694159775473776,4.834686186224807,5.0,0.0,0.0,0.0,5.0,97.9,96.48723689742404,99.31276310257596,1786.0,1418.916639527205,2153.083360472795,100.1,30025,0,30025,0.0,0.02004085801838611
SmartBFT,300,150,retrieveEvidenceAndLog,RETRIEVE,orderer,5.0,2.289,1.8742886875234777,2.7037113124765226,5.0,7.042,5.344926053118486,8.739073946881513,5.0,165.8,163.10856814316247,168.49143185683755,5.0,187.2,181.62030905515368,192.7796909448463,5.0,420.32000000000005,413.22440063994594,427.41559936005416,5.0,310.816,303.92690085283596,317.705099147164,5.0,54.665215028550826,53.91157187242179,55.41885818467986,5.0,40.42319623014797,39.65238861979224,41.194003840503704,5.0,436.0,436.0,436.0,5.0,7.088255234822856,7.065986624299652,7.1105238453460595,5.0,0.0,0.0,0.0,5.0,146.34,145.84652744595064,146.83347255404937,2032.0,1909.2894955433728,2154.7105044566274,149.98000000000002,45007,0,45007,0.0,0.015641656416564165
SmartBFT,300,200,retrieveEvidenceAndLog,RETRIEVE,orderer,5.0,4.2589999999999995,3.534181535902954,4.983818464097045,5.0,12.282,7.224912715099333,17.339087284900668,5.0,178.85,175.68031122032463,182.01968877967536,5.0,208.0,203.43856654109698,212.56143345890302,5.0,579.4,546.173703580447,612.626296419553,5.0,434.6199999999999,401.96328891161255,467.27671108838723,5.0,62.718894153906206,61.18305559177117,64.25473271604125,5.0,47.02714952047689,45.352778261126815,48.701520779826964,5.0,581.6,577.1584,586.0416,5.0,7.879406870334998,7.508391387402976,8.250422353267021,5.0,0.0,0.0,0.0,5.0,162.06,154.22125233512392,169.89874766487608,19456.0,14207.057453397303,24704.942546602695,199.18,59808,0,59808,0.0,0.026280389979020113
