consensus,batch,tps,k_fault,fault_family,round_label,phase,rep,role,role_count,cpu_avg_mean,traffic_in_mb_sum,traffic_out_mb_sum,disk_write_mb_sum,tx_duration_s,traffic_in_mbps,traffic_out_mbps
Raft,100,100,0,highimpact-nested,retrieveEvidenceAndLog,UNSPLIT,1,ca,3,0.00045966666666666665,0.004,0.0,0.0,60,0.0005333333333333334,0.0
Raft,100,100,0,highimpact-nested,retrieveEvidenceAndLog,UNSPLIT,1,chaincode,2,7.6167245,24.647,26.8476,0.0,60,3.2862666666666667,3.57968
Raft,100,100,0,highimpact-nested,retrieveEvidenceAndLog,UNSPLIT,1,couchdb,2,20.073793,20.4,25.22,43.8,60,2.7199999999999998,3.3626666666666667
Raft,100,100,0,highimpact-nested,retrieveEvidenceAndLog,UNSPLIT,1,orderer,10,1.7864136000000002,532.3,579.88,990.0,60,70.97333333333333,77.31733333333334
Raft,100,100,0,highimpact-nested,retrieveEvidenceAndLog,UNSPLIT,1,peer,2,18.747586,227.0,149.3,107.6,60,30.266666666666666,19.90666666666667
Raft,100,100,0,highimpact-nested,retrieveEvidenceAndLog,UNSPLIT,2,ca,3,0.0008046666666666666,0.0023,0.0,0.0,60,0.0003066666666666667,0.0
Raft,100,100,0,highimpact-nested,retrieveEvidenceAndLog,UNSPLIT,2,chaincode,2,7.5989655,24.728,26.927500000000002,0.0,60,3.297066666666667,3.5903333333333336
Raft,100,100,0,highimpact-nested,retrieveEvidenceAndLog,UNSPLIT,2,couchdb,2,25.143276,20.5,25.3,44.0,60,2.7333333333333334,3.3733333333333335
Raft,100,100,0,highimpact-nested,retrieveEvidenceAndLog,UNSPLIT,2,orderer,10,1.8416552,532.4,579.14,990.0,60,70.98666666666666,77.21866666666666
Raft,100,100,0,highimpact-nested,retrieveEvidenceAndLog,UNSPLIT,2,peer,2,19.7586205,226.9,150.2,107.8,60,30.253333333333334,20.026666666666664
Raft,100,100,0,highimpact-nested,retrieveEvidenceAndLog,UNSPLIT,3,ca,3,0.0005746666666666667,0.0025,0.0,0.0,60,0.0003333333333333333,0.0
Raft,100,100,0,highimpact-nested,retrieveEvidenceAndLog,UNSPLIT,3,chaincode,2,7.0781030000000005,24.648,26.8455,0.0,60,3.2864,3.5794
Raft,100,100,0,highimpact-nested,retrieveEvidenceAndLog,UNSPLIT,3,couchdb,2,19.327241,20.5,25.22,44.0,60,2.7333333333333334,3.3626666666666667
Raft,100,100,0,highimpact-nested,retrieveEvidenceAndLog,UNSPLIT,3,orderer,10,1.8142759000000002,530.3,578.34,990.0,60,70.70666666666666,77.11200000000001
Raft,100,100,0,highimpact-nested,retrieveEvidenceAndLog,UNSPLIT,3,peer,2,17.293447999999998,227.0,150.3,107.8,60,30.266666666666666,20.040000000000003
Raft,100,100,0,highimpact-nested,retrieveEvidenceAndLog,UNSPLIT,4,ca,3,0.0025286666666666665,0.0016,0.0,0.0,60,0.00021333333333333333,0.0
Raft,100,100,0,highimpact-nested,retrieveEvidenceAndLog,UNSPLIT,4,chaincode,2,7.457069000000001,24.665,26.863,0.0,60,3.2886666666666664,3.581733333333333
Raft,100,100,0,highimpact-nested,retrieveEvidenceAndLog,UNSPLIT,4,couchdb,2,25.9705175,20.5,25.22,43.8,60,2.7333333333333334,3.3626666666666667
Raft,100,100,0,highimpact-nested,retrieveEvidenceAndLog,UNSPLIT,4,orderer,10,2.0070689,532.1,579.46,990.0,60,70.94666666666667,77.26133333333334
Raft,100,100,0,highimpact-nested,retrieveEvidenceAndLog,UNSPLIT,4,peer,2,20.712931,227.1,150.4,107.8,60,30.279999999999998,20.053333333333335
Raft,100,100,0,highimpact-nested,retrieveEvidenceAndLog,UNSPLIT,5,ca,3,0.0025286666666666665,0.0021,0.0,0.0,60,0.00028,0.0
Raft,100,100,0,highimpact-nested,retrieveEvidenceAndLog,UNSPLIT,5,chaincode,2,7.945862,24.747,26.8443,0.0,60,3.2996,3.57924
Raft,100,100,0,highimpact-nested,retrieveEvidenceAndLog,UNSPLIT,5,couchdb,2,23.422069,20.5,25.22,43.6,60,2.7333333333333334,3.3626666666666667
Raft,100,100,0,highimpact-nested,retrieveEvidenceAndLog,UNSPLIT,5,orderer,10,1.9343104999999998,532.4,579.63,990.0,60,70.98666666666666,77.284
Raft,100,100,0,highimpact-nested,retrieveEvidenceAndLog,UNSPLIT,5,peer,2,19.117586499999998,227.0,149.3,107.6,60,30.266666666666666,19.90666666666667
Raft,100,100,0,highimpact-nested,submitEvidence,UNSPLIT,1,ca,3,0.001954,0.0004,0.0,0.0,60,5.333333333333333e-05,0.0
Raft,100,100,0,highimpact-nested,submitEvidence,UNSPLIT,1,chaincode,2,7.975517,40.983000000000004,30.3189,0.0,60,5.4644,4.04252
Raft,100,100,0,highimpact-nested,submitEvidence,UNSPLIT,1,couchdb,2,18.9968965,36.046,14.684999999999999,53.93000000000001,60,4.806133333333333,1.9579999999999997
Raft,100,100,0,highimpact-nested,submitEvidence,UNSPLIT,1,orderer,10,1.856931,672.347,733.0169999999999,1266.21,60,89.64626666666666,97.73559999999999
Raft,100,100,0,highimpact-nested,submitEvidence,UNSPLIT,1,peer,2,17.965172,269.98900000000003,208.10399999999998,129.588,60,35.998533333333334,27.7472
Raft,100,100,0,highimpact-nested,submitEvidence,UNSPLIT,2,ca,3,0.0003446666666666667,0.0014,0.0,0.0,60,0.00018666666666666666,0.0
Raft,100,100,0,highimpact-nested,submitEvidence,UNSPLIT,2,chaincode,2,8.100862,40.982,30.3128,0.0,60,5.464266666666666,4.041706666666666
Raft,100,100,0,highimpact-nested,submitEvidence,UNSPLIT,2,couchdb,2,19.592759,36.043,14.684,53.93000000000001,60,4.805733333333333,1.9578666666666666
Raft,100,100,0,highimpact-nested,submitEvidence,UNSPLIT,2,orderer,10,1.8271381000000002,671.9259999999999,733.179,1266.222,60,89.59013333333333,97.7572
Raft,100,100,0,highimpact-nested,submitEvidence,UNSPLIT,2,peer,2,18.711552,269.0,208.014,129.588,60,35.86666666666667,27.735200000000003
Raft,100,100,0,highimpact-nested,submitEvidence,UNSPLIT,3,ca,3,0.004597666666666667,0.0021,0.0,0.0,60,0.00028,0.0
Raft,100,100,0,highimpact-nested,submitEvidence,UNSPLIT,3,chaincode,2,8.111723999999999,41.081,30.41379,0.0,60,5.477466666666667,4.055172
Raft,100,100,0,highimpact-nested,submitEvidence,UNSPLIT,3,couchdb,2,21.249483,36.044,14.686,54.129999999999995,60,4.805866666666666,1.9581333333333333
Raft,100,100,0,highimpact-nested,submitEvidence,UNSPLIT,3,orderer,10,2.0780344,671.951,732.072,1266.214,60,89.59346666666667,97.6096
Raft,100,100,0,highimpact-nested,submitEvidence,UNSPLIT,3,peer,2,19.417931,269.008,208.023,129.588,60,35.867733333333334,27.7364
Raft,100,100,0,highimpact-nested,submitEvidence,UNSPLIT,4,ca,3,0.00022999999999999998,0.0031,0.0,0.0,60,0.0004133333333333333,0.0
Raft,100,100,0,highimpact-nested,submitEvidence,UNSPLIT,4,chaincode,2,7.958793,40.98,30.3122,0.0,60,5.4639999999999995,4.041626666666667
Raft,100,100,0,highimpact-nested,submitEvidence,UNSPLIT,4,couchdb,2,20.276724,36.045,14.684,53.93000000000001,60,4.806,1.9578666666666666
Raft,100,100,0,highimpact-nested,submitEvidence,UNSPLIT,4,orderer,10,2.0823448000000004,671.716,732.581,1266.218,60,89.56213333333334,97.67746666666667
Raft,100,100,0,highimpact-nested,submitEvidence,UNSPLIT,4,peer,2,19.835344499999998,269.005,208.01399999999998,129.588,60,35.867333333333335,27.7352
Raft,100,100,0,highimpact-nested,submitEvidence,UNSPLIT,5,ca,3,0.0037503333333333334,0.0033,0.0,0.0,60,0.00044,0.0
Raft,100,100,0,highimpact-nested,submitEvidence,UNSPLIT,5,chaincode,2,5.984844000000001,40.080999999999996,30.01331,0.0,60,5.344133333333333,4.001774666666667
Raft,100,100,0,highimpact-nested,submitEvidence,UNSPLIT,5,couchdb,2,17.837344,36.144999999999996,14.814,53.33,60,4.819333333333333,1.9752
Raft,100,100,0,highimpact-nested,submitEvidence,UNSPLIT,5,orderer,10,1.8488748999999998,671.4680000000001,732.3820000000001,1266.214,60,89.52906666666668,97.65093333333334
Raft,100,100,0,highimpact-nested,submitEvidence,UNSPLIT,5,peer,2,16.2784375,267.997,206.01399999999998,129.588,60,35.732933333333335,27.46853333333333
Raft,100,100,1,highimpact-nested,retrieveEvidenceAndLog,UNSPLIT,1,ca,3,0.002069,0.0034999999999999996,0.0,0.0,60,0.0004666666666666666,0.0
Raft,100,100,1,highimpact-nested,retrieveEvidenceAndLog,UNSPLIT,1,chaincode,2,7.350517,24.745,26.8456,0.0,60,3.2993333333333337,3.5794133333333336
Raft,100,100,1,highimpact-nested,retrieveEvidenceAndLog,UNSPLIT,1,couchdb,2,21.345,20.5,25.34,43.8,60,2.7333333333333334,3.3786666666666667
Raft,100,100,1,highimpact-nested,retrieveEvidenceAndLog,UNSPLIT,1,orderer,10,1.7477931000000002,551.5,552.08,1024.0,60,73.53333333333333,73.61066666666667
Raft,100,100,1,highimpact-nested,retrieveEvidenceAndLog,UNSPLIT,1,peer,2,18.621724,228.3,150.6,108.0,60,30.44,20.08
Raft,100,100,1,highimpact-nested,retrieveEvidenceAndLog,UNSPLIT,2,ca,3,0.002069,0.0040999999999999995,0.0,0.0,60,0.0005466666666666665,0.0
Raft,100,100,1,highimpact-nested,retrieveEvidenceAndLog,UNSPLIT,2,chaincode,2,8.5322415,24.763,27.1649,0.0,60,3.3017333333333334,3.6219866666666665
Raft,100,100,1,highimpact-nested,retrieveEvidenceAndLog,UNSPLIT,2,couchdb,2,29.835,20.4,25.22,44.0,60,2.7199999999999998,3.3626666666666667
Raft,100,100,1,highimpact-nested,retrieveEvidenceAndLog,UNSPLIT,2,orderer,10,1.7160689000000002,555.0,600.81,1023.0,60,74.0,80.10799999999999
Raft,100,100,1,highimpact-nested,retrieveEvidenceAndLog,UNSPLIT,2,peer,2,21.106551500000002,227.2,150.5,107.8,60,30.293333333333333,20.066666666666666
Raft,100,100,1,highimpact-nested,retrieveEvidenceAndLog,UNSPLIT,3,ca,3,0.0008043333333333334,0.0034000000000000002,0.0,0.0,60,0.00045333333333333337,0.0
Raft,100,100,1,highimpact-nested,retrieveEvidenceAndLog,UNSPLIT,3,chaincode,2,7.8910345,24.747,26.8478,0.0,60,3.2996,3.5797066666666666
Raft,100,100,1,highimpact-nested,retrieveEvidenceAndLog,UNSPLIT,3,couchdb,2,20.031724,20.5,25.22,44.0,60,2.7333333333333334,3.3626666666666667
Raft,100,100,1,highimpact-nested,retrieveEvidenceAndLog,UNSPLIT,3,orderer,10,1.9090346999999999,552.7,553.12,1023.0,60,73.69333333333334,73.74933333333334
Raft,100,100,1,highimpact-nested,retrieveEvidenceAndLog,UNSPLIT,3,peer,2,20.751379,227.0,149.3,107.6,60,30.266666666666666,19.90666666666667
Raft,100,100,1,highimpact-nested,retrieveEvidenceAndLog,UNSPLIT,4,ca,3,0.008160666666666667,0.0016,0.0,0.0,60,0.00021333333333333333,0.0
Raft,100,100,1,highimpact-nested,retrieveEvidenceAndLog,UNSPLIT,4,chaincode,2,7.387931,24.85,26.8488,0.0,60,3.3133333333333335,3.57984
Raft,100,100,1,highimpact-nested,retrieveEvidenceAndLog,UNSPLIT,4,couchdb,2,22.184483,20.4,25.22,44.0,60,2.7199999999999998,3.3626666666666667
Raft,100,100,1,highimpact-nested,retrieveEvidenceAndLog,UNSPLIT,4,orderer,10,1.8650691,551.9,551.8000000000001,1023.0,60,73.58666666666666,73.57333333333334
Raft,100,100,1,highimpact-nested,retrieveEvidenceAndLog,UNSPLIT,4,peer,2,19.672586,227.0,149.3,107.6,60,30.266666666666666,19.90666666666667
Raft,100,100,1,highimpact-nested,retrieveEvidenceAndLog,UNSPLIT,5,ca,3,0.0031036666666666665,0.0052,0.0,0.0,60,0.0006933333333333333,0.0
Raft,100,100,1,highimpact-nested,retrieveEvidenceAndLog,UNSPLIT,5,chaincode,2,7.5339655,24.655,26.8637,0.0,60,3.2873333333333337,3.5818266666666667
Raft,100,100,1,highimpact-nested,retrieveEvidenceAndLog,UNSPLIT,5,couchdb,2,21.096034500000002,20.5,25.22,44.0,60,2.7333333333333334,3.3626666666666667
Raft,100,100,1,highimpact-nested,retrieveEvidenceAndLog,UNSPLIT,5,orderer,10,1.8434827999999999,554.0,552.4399999999999,1023.0,60,73.86666666666666,73.65866666666666
Raft,100,100,1,highimpact-nested,retrieveEvidenceAndLog,UNSPLIT,5,peer,2,20.259138,227.1,150.4,107.6,60,30.279999999999998,20.053333333333335
Raft,100,100,1,highimpact-nested,submitEvidence,UNSPLIT,1,ca,3,0.0005746666666666667,0.0009,0.0,0.0,60,0.00012,0.0
Raft,100,100,1,highimpact-nested,submitEvidence,UNSPLIT,1,chaincode,2,7.832241000000001,40.984,30.3139,0.0,60,5.464533333333334,4.041853333333333
Raft,100,100,1,highimpact-nested,submitEvidence,UNSPLIT,1,couchdb,2,20.497414,36.044,14.684,53.93000000000001,60,4.805866666666666,1.9578666666666666
Raft,100,100,1,highimpact-nested,submitEvidence,UNSPLIT,1,orderer,10,1.7479656,627.596,691.221,1175.9950000000001,60,83.67946666666667,92.1628
Raft,100,100,1,highimpact-nested,submitEvidence,UNSPLIT,1,peer,2,17.615862,268.998,208.11200000000002,129.588,60,35.8664,27.74826666666667
Raft,100,100,1,highimpact-nested,submitEvidence,UNSPLIT,2,ca,3,0.0010343333333333333,0.003,0.0,0.0,60,0.0004,0.0
Raft,100,100,1,highimpact-nested,submitEvidence,UNSPLIT,2,chaincode,2,8.255862,40.984,30.314529999999998,0.0,60,5.464533333333334,4.041937333333333
Raft,100,100,1,highimpact-nested,submitEvidence,UNSPLIT,2,couchdb,2,20.760862,36.046,14.686,54.129999999999995,60,4.806133333333333,1.9581333333333333
Raft,100,100,1,highimpact-nested,submitEvidence,UNSPLIT,2,orderer,10,1.9550688999999999,627.186,690.631,1175.903,60,83.62480000000001,92.08413333333333
Raft,100,100,1,highimpact-nested,submitEvidence,UNSPLIT,2,peer,2,19.3018965,269.002,208.017,129.588,60,35.866933333333336,27.735599999999998
Raft,100,100,1,highimpact-nested,submitEvidence,UNSPLIT,3,ca,3,0.00011499999999999999,0.0045000000000000005,0.0,0.0,60,0.0006000000000000001,0.0
Raft,100,100,1,highimpact-nested,submitEvidence,UNSPLIT,3,chaincode,2,7.900517,40.986,30.3138,0.0,60,5.464799999999999,4.04184
Raft,100,100,1,highimpact-nested,submitEvidence,UNSPLIT,3,couchdb,2,20.938276000000002,36.043,14.684,53.93000000000001,60,4.805733333333333,1.9578666666666666
Raft,100,100,1,highimpact-nested,submitEvidence,UNSPLIT,3,orderer,10,1.8872759,626.967,690.741,1175.8990000000001,60,83.5956,92.0988
Raft,100,100,1,highimpact-nested,submitEvidence,UNSPLIT,3,peer,2,20.09569,269.006,208.019,129.588,60,35.867466666666665,27.735866666666666
Raft,100,100,1,highimpact-nested,submitEvidence,UNSPLIT,4,ca,3,0.001954,0.0039,0.0,0.0,60,0.00052,0.0
Raft,100,100,1,highimpact-nested,submitEvidence,UNSPLIT,4,chaincode,2,8.180344999999999,40.885999999999996,30.31416,0.0,60,5.451466666666666,4.041888
Raft,100,100,1,highimpact-nested,submitEvidence,UNSPLIT,4,couchdb,2,26.568448500000002,36.04,14.682,53.93000000000001,60,4.8053333333333335,1.9576
Raft,100,100,1,highimpact-nested,submitEvidence,UNSPLIT,4,orderer,10,2.0071035000000004,627.744,691.552,1175.891,60,83.6992,92.20693333333334
Raft,100,100,1,highimpact-nested,submitEvidence,UNSPLIT,4,peer,2,22.667413500000002,268.952,208.069,129.588,60,35.86026666666667,27.74253333333333
Raft,100,100,1,highimpact-nested,submitEvidence,UNSPLIT,5,ca,3,0.0021839999999999997,0.006,0.0,0.0,60,0.0008,0.0
Raft,100,100,1,highimpact-nested,submitEvidence,UNSPLIT,5,chaincode,2,8.5365515,40.995999999999995,30.356550000000002,0.0,60,5.466133333333333,4.047540000000001
Raft,100,100,1,highimpact-nested,submitEvidence,UNSPLIT,5,couchdb,2,23.948621,36.043,14.683,53.93000000000001,60,4.805733333333333,1.9577333333333333
Raft,100,100,1,highimpact-nested,submitEvidence,UNSPLIT,5,orderer,10,2.0497240999999997,627.569,691.2470000000001,1175.903,60,83.67586666666666,92.16626666666667
Raft,100,100,1,highimpact-nested,submitEvidence,UNSPLIT,5,peer,2,21.2174135,269.145,208.19299999999998,129.588,60,35.885999999999996,27.759066666666666
Raft,100,100,2,highimpact-nested,retrieveEvidenceAndLog,UNSPLIT,1,ca,3,0.0018390000000000001,0.0034000000000000002,0.0,0.0,60,0.00045333333333333337,0.0
Raft,100,100,2,highimpact-nested,retrieveEvidenceAndLog,UNSPLIT,1,chaincode,2,7.511724,24.64,26.8464,0.0,60,3.2853333333333334,3.57952
Raft,100,100,2,highimpact-nested,retrieveEvidenceAndLog,UNSPLIT,1,couchdb,2,20.429655,20.6,25.36,44.0,60,2.746666666666667,3.381333333333333
Raft,100,100,2,highimpact-nested,retrieveEvidenceAndLog,UNSPLIT,1,orderer,10,1.6877929999999999,572.8,525.71,1058.0,60,76.37333333333332,70.09466666666667
Raft,100,100,2,highimpact-nested,retrieveEvidenceAndLog,UNSPLIT,1,peer,2,18.831724,227.2,150.5,107.8,60,30.293333333333333,20.066666666666666
Raft,100,100,2,highimpact-nested,retrieveEvidenceAndLog,UNSPLIT,2,ca,3,0.004137666666666667,0.0034000000000000002,0.0,0.0,60,0.00045333333333333337,0.0
Raft,100,100,2,highimpact-nested,retrieveEvidenceAndLog,UNSPLIT,2,chaincode,2,7.527586,24.784,26.8835,0.0,60,3.304533333333333,3.5844666666666667
Raft,100,100,2,highimpact-nested,retrieveEvidenceAndLog,UNSPLIT,2,couchdb,2,19.667931000000003,20.5,25.21,43.8,60,2.7333333333333334,3.3613333333333335
Raft,100,100,2,highimpact-nested,retrieveEvidenceAndLog,UNSPLIT,2,orderer,10,1.6408274999999999,572.4,525.3000000000001,1056.0,60,76.32,70.04
Raft,100,100,2,highimpact-nested,retrieveEvidenceAndLog,UNSPLIT,2,peer,2,17.5425865,227.2,150.5,107.8,60,30.293333333333333,20.066666666666666
Raft,100,100,2,highimpact-nested,retrieveEvidenceAndLog,UNSPLIT,3,ca,3,0.002184,0.0040999999999999995,0.0,0.0,60,0.0005466666666666665,0.0
Raft,100,100,2,highimpact-nested,retrieveEvidenceAndLog,UNSPLIT,3,chaincode,2,7.355,24.648,26.8467,0.0,60,3.2864,3.57956
Raft,100,100,2,highimpact-nested,retrieveEvidenceAndLog,UNSPLIT,3,couchdb,2,19.0981035,20.4,25.22,44.0,60,2.7199999999999998,3.3626666666666667
Raft,100,100,2,highimpact-nested,retrieveEvidenceAndLog,UNSPLIT,3,orderer,10,1.6293102999999998,574.1,524.95,1056.0,60,76.54666666666667,69.99333333333334
Raft,100,100,2,highimpact-nested,retrieveEvidenceAndLog,UNSPLIT,3,peer,2,18.026207,227.0,149.3,107.6,60,30.266666666666666,19.90666666666667
Raft,100,100,2,highimpact-nested,retrieveEvidenceAndLog,UNSPLIT,4,ca,3,0.0018886666666666667,0.0016,0.0,0.0,60,0.00021333333333333333,0.0
Raft,100,100,2,highimpact-nested,retrieveEvidenceAndLog,UNSPLIT,4,chaincode,2,7.5778335,24.749,26.858,0.0,60,3.2998666666666665,3.5810666666666666
Raft,100,100,2,highimpact-nested,retrieveEvidenceAndLog,UNSPLIT,4,couchdb,2,25.076999999999998,20.5,25.22,43.8,60,2.7333333333333334,3.3626666666666667
Raft,100,100,2,highimpact-nested,retrieveEvidenceAndLog,UNSPLIT,4,orderer,10,1.7184332999999998,574.0,526.13,1056.0,60,76.53333333333333,70.15066666666667
Raft,100,100,2,highimpact-nested,retrieveEvidenceAndLog,UNSPLIT,4,peer,2,21.278499999999998,227.0,149.4,107.6,60,30.266666666666666,19.92
Raft,100,100,2,highimpact-nested,retrieveEvidenceAndLog,UNSPLIT,5,ca,3,0.002413666666666667,0.0046,0.0,0.0,60,0.0006133333333333334,0.0
Raft,100,100,2,highimpact-nested,retrieveEvidenceAndLog,UNSPLIT,5,chaincode,2,7.7734485,24.648,26.9475,0.0,60,3.2864,3.5930000000000004
Raft,100,100,2,highimpact-nested,retrieveEvidenceAndLog,UNSPLIT,5,couchdb,2,21.89431,20.4,25.22,43.8,60,2.7199999999999998,3.3626666666666667
Raft,100,100,2,highimpact-nested,retrieveEvidenceAndLog,UNSPLIT,5,orderer,10,1.8174482,572.2,524.6,1056.0,60,76.29333333333334,69.94666666666667
Raft,100,100,2,highimpact-nested,retrieveEvidenceAndLog,UNSPLIT,5,peer,2,19.5772415,227.0,149.3,107.6,60,30.266666666666666,19.90666666666667
Raft,100,100,2,highimpact-nested,submitEvidence,UNSPLIT,1,ca,3,0.001954,0.0052,0.0,0.0,60,0.0006933333333333333,0.0
Raft,100,100,2,highimpact-nested,submitEvidence,UNSPLIT,1,chaincode,2,7.4518965,41.083999999999996,30.31315,0.0,60,5.477866666666666,4.041753333333333
Raft,100,100,2,highimpact-nested,submitEvidence,UNSPLIT,1,couchdb,2,20.354827999999998,36.044,14.684,53.93000000000001,60,4.805866666666666,1.9578666666666666
Raft,100,100,2,highimpact-nested,submitEvidence,UNSPLIT,1,orderer,10,1.7432068,583.208,650.2120000000001,1085.584,60,77.76106666666666,86.69493333333335
Raft,100,100,2,highimpact-nested,submitEvidence,UNSPLIT,1,peer,2,17.9793105,268.99199999999996,208.00900000000001,129.588,60,35.86559999999999,27.734533333333335
Raft,100,100,2,highimpact-nested,submitEvidence,UNSPLIT,2,ca,3,0.0003446666666666667,0.0027,0.0,0.0,60,0.00036,0.0
Raft,100,100,2,highimpact-nested,submitEvidence,UNSPLIT,2,chaincode,2,8.6270685,40.986,30.31431,0.0,60,5.464799999999999,4.041908
Raft,100,100,2,highimpact-nested,submitEvidence,UNSPLIT,2,couchdb,2,20.126724,36.044,14.684,53.93000000000001,60,4.805866666666666,1.9578666666666666
Raft,100,100,2,highimpact-nested,submitEvidence,UNSPLIT,2,orderer,10,2.0187242999999997,586.775,646.568,1090.172,60,78.23666666666666,86.20906666666666
Raft,100,100,2,highimpact-nested,submitEvidence,UNSPLIT,2,peer,2,20.818276,268.995,207.11,129.588,60,35.866,27.61466666666667
Raft,100,100,2,highimpact-nested,submitEvidence,UNSPLIT,3,ca,3,0.00022999999999999998,0.0034000000000000002,0.0,0.0,60,0.00045333333333333337,0.0
Raft,100,100,2,highimpact-nested,submitEvidence,UNSPLIT,3,chaincode,2,8.115862,40.98,30.3116,0.0,60,5.4639999999999995,4.041546666666666
Raft,100,100,2,highimpact-nested,submitEvidence,UNSPLIT,3,couchdb,2,19.866379000000002,36.042,14.684,54.129999999999995,60,4.8056,1.9578666666666666
Raft,100,100,2,highimpact-nested,submitEvidence,UNSPLIT,3,orderer,10,2.0026207,583.26,650.6869999999999,1085.38,60,77.768,86.75826666666666
Raft,100,100,2,highimpact-nested,submitEvidence,UNSPLIT,3,peer,2,20.604999999999997,268.999,208.015,129.588,60,35.86653333333334,27.735333333333333
Raft,100,100,2,highimpact-nested,submitEvidence,UNSPLIT,4,ca,3,0.00011499999999999999,0.0029,0.0,0.0,60,0.0003866666666666666,0.0
Raft,100,100,2,highimpact-nested,submitEvidence,UNSPLIT,4,chaincode,2,7.9010345,40.982,30.3135,0.0,60,5.464266666666666,4.0418
Raft,100,100,2,highimpact-nested,submitEvidence,UNSPLIT,4,couchdb,2,23.188621,36.044,14.685,53.93000000000001,60,4.805866666666666,1.958
Raft,100,100,2,highimpact-nested,submitEvidence,UNSPLIT,4,orderer,10,1.7074139,582.876,650.528,1085.584,60,77.71679999999999,86.73706666666666
Raft,100,100,2,highimpact-nested,submitEvidence,UNSPLIT,4,peer,2,20.827413500000002,268.996,208.012,129.588,60,35.86613333333333,27.734933333333334
Raft,100,100,2,highimpact-nested,submitEvidence,UNSPLIT,5,ca,3,0.002988666666666667,0.0019,0.0,0.0,60,0.00025333333333333333,0.0
Raft,100,100,2,highimpact-nested,submitEvidence,UNSPLIT,5,chaincode,2,8.120345,40.982,30.3136,0.0,60,5.464266666666666,4.041813333333334
Raft,100,100,2,highimpact-nested,submitEvidence,UNSPLIT,5,couchdb,2,20.336207,36.044,14.684,53.93000000000001,60,4.805866666666666,1.9578666666666666
Raft,100,100,2,highimpact-nested,submitEvidence,UNSPLIT,5,orderer,10,1.9407588,586.101,646.788,1091.791,60,78.1468,86.2384
Raft,100,100,2,highimpact-nested,submitEvidence,UNSPLIT,5,peer,2,18.9303445,268.97700000000003,208.095,129.588,60,35.863600000000005,27.746
Raft,100,100,3,highimpact-nested,retrieveEvidenceAndLog,UNSPLIT,1,ca,3,0.0003446666666666667,0.0019,0.0,0.0,60,0.00025333333333333333,0.0
Raft,100,100,3,highimpact-nested,retrieveEvidenceAndLog,UNSPLIT,1,chaincode,2,7.3755175,24.749,26.8493,0.0,60,3.2998666666666665,3.5799066666666666
Raft,100,100,3,highimpact-nested,retrieveEvidenceAndLog,UNSPLIT,1,couchdb,2,20.742586,20.5,25.22,43.8,60,2.7333333333333334,3.3626666666666667
Raft,100,100,3,highimpact-nested,retrieveEvidenceAndLog,UNSPLIT,1,orderer,10,1.4739656,594.1,545.86,1089.0,60,79.21333333333334,72.78133333333334
Raft,100,100,3,highimpact-nested,retrieveEvidenceAndLog,UNSPLIT,1,peer,2,18.274483,227.0,150.3,107.8,60,30.266666666666666,20.040000000000003
Raft,100,100,3,highimpact-nested,retrieveEvidenceAndLog,UNSPLIT,2,ca,3,0.00045966666666666665,0.0042,0.0,0.0,60,0.00056,0.0
Raft,100,100,3,highimpact-nested,retrieveEvidenceAndLog,UNSPLIT,2,chaincode,2,7.4075865,24.641,26.8482,0.0,60,3.2854666666666663,3.57976
Raft,100,100,3,highimpact-nested,retrieveEvidenceAndLog,UNSPLIT,2,couchdb,2,18.9277585,20.4,25.22,43.6,60,2.7199999999999998,3.3626666666666667
Raft,100,100,3,highimpact-nested,retrieveEvidenceAndLog,UNSPLIT,2,orderer,10,1.5979998,594.1,498.34000000000003,1089.0,60,79.21333333333334,66.44533333333334
Raft,100,100,3,highimpact-nested,retrieveEvidenceAndLog,UNSPLIT,2,peer,2,18.979655,226.9,150.3,107.6,60,30.253333333333334,20.040000000000003
Raft,100,100,3,highimpact-nested,retrieveEvidenceAndLog,UNSPLIT,3,ca,3,0.0,0.0053,0.0,0.0,60,0.0007066666666666666,0.0
Raft,100,100,3,highimpact-nested,retrieveEvidenceAndLog,UNSPLIT,3,chaincode,2,7.5922415,24.678,26.9788,0.0,60,3.2904,3.597173333333333
Raft,100,100,3,highimpact-nested,retrieveEvidenceAndLog,UNSPLIT,3,couchdb,2,27.211207,20.5,25.22,43.8,60,2.7333333333333334,3.3626666666666667
Raft,100,100,3,highimpact-nested,retrieveEvidenceAndLog,UNSPLIT,3,orderer,10,1.6690344,595.9,547.11,1089.0,60,79.45333333333333,72.94800000000001
Raft,100,100,3,highimpact-nested,retrieveEvidenceAndLog,UNSPLIT,3,peer,2,20.9843105,227.0,150.3,107.6,60,30.266666666666666,20.040000000000003
Raft,100,100,3,highimpact-nested,retrieveEvidenceAndLog,UNSPLIT,4,ca,3,0.002069,0.0040999999999999995,0.0,0.0,60,0.0005466666666666665,0.0
Raft,100,100,3,highimpact-nested,retrieveEvidenceAndLog,UNSPLIT,4,chaincode,2,7.4672415,24.65,26.8593,0.0,60,3.2866666666666666,3.58124
Raft,100,100,3,highimpact-nested,retrieveEvidenceAndLog,UNSPLIT,4,couchdb,2,28.642931,20.5,25.22,44.0,60,2.7333333333333334,3.3626666666666667
Raft,100,100,3,highimpact-nested,retrieveEvidenceAndLog,UNSPLIT,4,orderer,10,1.565,593.6,497.69,1089.0,60,79.14666666666668,66.35866666666666
Raft,100,100,3,highimpact-nested,retrieveEvidenceAndLog,UNSPLIT,4,peer,2,20.8006895,227.1,150.4,107.8,60,30.279999999999998,20.053333333333335
Raft,100,100,3,highimpact-nested,retrieveEvidenceAndLog,UNSPLIT,5,ca,3,0.00045966666666666665,0.0042,0.0,0.0,60,0.00056,0.0
Raft,100,100,3,highimpact-nested,retrieveEvidenceAndLog,UNSPLIT,5,chaincode,2,7.682068999999999,24.644,26.8447,0.0,60,3.2858666666666663,3.579293333333333
Raft,100,100,3,highimpact-nested,retrieveEvidenceAndLog,UNSPLIT,5,couchdb,2,19.4148275,20.5,25.22,43.8,60,2.7333333333333334,3.3626666666666667
Raft,100,100,3,highimpact-nested,retrieveEvidenceAndLog,UNSPLIT,5,orderer,10,1.7533793,593.2,499.17,1089.0,60,79.09333333333333,66.556
Raft,100,100,3,highimpact-nested,retrieveEvidenceAndLog,UNSPLIT,5,peer,2,20.75,227.0,149.3,107.6,60,30.266666666666666,19.90666666666667
Raft,100,100,3,highimpact-nested,submitEvidence,UNSPLIT,1,ca,3,0.0,0.008,0.0,0.0,60,0.0010666666666666667,0.0
Raft,100,100,3,highimpact-nested,submitEvidence,UNSPLIT,1,chaincode,2,8.1731035,40.982,30.311899999999998,0.0,60,5.464266666666666,4.041586666666666
Raft,100,100,3,highimpact-nested,submitEvidence,UNSPLIT,1,couchdb,2,21.732414,36.046,14.684,54.129999999999995,60,4.806133333333333,1.9578666666666666
Raft,100,100,3,highimpact-nested,submitEvidence,UNSPLIT,1,orderer,10,1.6268276,539.0849999999999,606.411,995.545,60,71.87799999999999,80.8548
Raft,100,100,3,highimpact-nested,submitEvidence,UNSPLIT,1,peer,2,19.260862,269.52,208.646,129.588,60,35.936,27.819466666666663
Raft,100,100,3,highimpact-nested,submitEvidence,UNSPLIT,2,ca,3,0.00011499999999999999,0.0047,0.0,0.0,60,0.0006266666666666666,0.0
Raft,100,100,3,highimpact-nested,submitEvidence,UNSPLIT,2,chaincode,2,8.1889655,40.882,30.31272,0.0,60,5.450933333333333,4.041696
Raft,100,100,3,highimpact-nested,submitEvidence,UNSPLIT,2,couchdb,2,19.607931,36.044,14.684,54.129999999999995,60,4.805866666666666,1.9578666666666666
Raft,100,100,3,highimpact-nested,submitEvidence,UNSPLIT,2,orderer,10,1.8321378,543.367,608.395,998.453,60,72.44893333333333,81.11933333333333
Raft,100,100,3,highimpact-nested,submitEvidence,UNSPLIT,2,peer,2,18.8605175,268.98900000000003,207.00300000000001,129.588,60,35.8652,27.6004
Raft,100,100,3,highimpact-nested,submitEvidence,UNSPLIT,3,ca,3,0.00011499999999999999,0.0059,0.0,0.0,60,0.0007866666666666666,0.0
Raft,100,100,3,highimpact-nested,submitEvidence,UNSPLIT,3,chaincode,2,7.7025865,41.095,30.3917,0.0,60,5.479333333333333,4.052226666666667
Raft,100,100,3,highimpact-nested,submitEvidence,UNSPLIT,3,couchdb,2,23.3744825,36.044,14.684,54.129999999999995,60,4.805866666666666,1.9578666666666666
Raft,100,100,3,highimpact-nested,submitEvidence,UNSPLIT,3,orderer,10,1.8694137999999998,544.283,609.102,999.749,60,72.57106666666667,81.2136
Raft,100,100,3,highimpact-nested,submitEvidence,UNSPLIT,3,peer,2,20.7374135,268.996,208.012,129.588,60,35.86613333333333,27.734933333333334
Raft,100,100,3,highimpact-nested,submitEvidence,UNSPLIT,4,ca,3,0.0021839999999999997,0.0047,0.0,0.0,60,0.0006266666666666666,0.0
Raft,100,100,3,highimpact-nested,submitEvidence,UNSPLIT,4,chaincode,2,7.4798275,41.096000000000004,30.3929,0.0,60,5.479466666666667,4.052386666666667
Raft,100,100,3,highimpact-nested,submitEvidence,UNSPLIT,4,couchdb,2,22.3801725,36.053,14.692,53.730000000000004,60,4.807066666666667,1.9589333333333334
Raft,100,100,3,highimpact-nested,submitEvidence,UNSPLIT,4,orderer,10,1.7598276,543.35,610.5260000000001,1000.08,60,72.44666666666667,81.40346666666667
Raft,100,100,3,highimpact-nested,submitEvidence,UNSPLIT,4,peer,2,20.213793000000003,269.406,208.531,129.588,60,35.9208,27.804133333333333
Raft,100,100,3,highimpact-nested,submitEvidence,UNSPLIT,5,ca,3,0.000111,0.0036,0.0,0.0,60,0.00048,0.0
Raft,100,100,3,highimpact-nested,submitEvidence,UNSPLIT,5,chaincode,2,8.9103335,40.611,30.23506,0.0,60,5.4148,4.031341333333334
Raft,100,100,3,highimpact-nested,submitEvidence,UNSPLIT,5,couchdb,2,33.8761665,36.045,14.713999999999999,52.93000000000001,60,4.806,1.9618666666666664
Raft,100,100,3,highimpact-nested,submitEvidence,UNSPLIT,5,orderer,10,1.7058335,538.684,608.403,995.2570000000001,60,71.82453333333333,81.1204
Raft,100,100,3,highimpact-nested,submitEvidence,UNSPLIT,5,peer,2,24.5218335,269.061,207.10399999999998,129.388,60,35.8748,27.613866666666663
SmartBFT,100,100,0,highimpact-nested,retrieveEvidenceAndLog,UNSPLIT,1,ca,3,0.003095333333333333,0.0037999999999999996,0.0,0.0,60,0.0005066666666666667,0.0
SmartBFT,100,100,0,highimpact-nested,retrieveEvidenceAndLog,UNSPLIT,1,chaincode,2,9.045000000000002,23.949,26.8461,0.0,60,3.1932,3.5794799999999998
SmartBFT,100,100,0,highimpact-nested,retrieveEvidenceAndLog,UNSPLIT,1,couchdb,2,21.403750000000002,20.3,25.22,41.6,60,2.7066666666666666,3.3626666666666667
SmartBFT,100,100,0,highimpact-nested,retrieveEvidenceAndLog,UNSPLIT,1,orderer,10,16.6687499,1102.0,723.7,960.0,60,146.93333333333334,96.49333333333334
SmartBFT,100,100,0,highimpact-nested,retrieveEvidenceAndLog,UNSPLIT,1,peer,2,25.9294645,243.2,593.0,108.0,60,32.42666666666666,79.06666666666666
SmartBFT,100,100,0,highimpact-nested,retrieveEvidenceAndLog,UNSPLIT,2,ca,3,0.002262,0.0033,0.0,0.0,60,0.00044,0.0
SmartBFT,100,100,0,highimpact-nested,retrieveEvidenceAndLog,UNSPLIT,2,chaincode,2,8.452857,23.372,26.5807,0.0,60,3.1162666666666667,3.5440933333333335
SmartBFT,100,100,0,highimpact-nested,retrieveEvidenceAndLog,UNSPLIT,2,couchdb,2,23.319285999999998,20.4,25.4,41.2,60,2.7199999999999998,3.3866666666666663
SmartBFT,100,100,0,highimpact-nested,retrieveEvidenceAndLog,UNSPLIT,2,orderer,10,17.968,1136.0,750.6,950.0,60,151.46666666666667,100.08
SmartBFT,100,100,0,highimpact-nested,retrieveEvidenceAndLog,UNSPLIT,2,peer,2,25.863035500000002,241.5,591.5,106.0,60,32.2,78.86666666666666
SmartBFT,100,100,0,highimpact-nested,retrieveEvidenceAndLog,UNSPLIT,3,ca,3,0.002299,0.001,0.0,0.0,60,0.00013333333333333334,0.0
SmartBFT,100,100,0,highimpact-nested,retrieveEvidenceAndLog,UNSPLIT,3,chaincode,2,8.244655499999999,24.172,26.7818,0.0,60,3.222933333333333,3.5709066666666667
SmartBFT,100,100,0,highimpact-nested,retrieveEvidenceAndLog,UNSPLIT,3,couchdb,2,24.4010345,20.3,25.22,41.8,60,2.7066666666666666,3.3626666666666667
SmartBFT,100,100,0,highimpact-nested,retrieveEvidenceAndLog,UNSPLIT,3,orderer,10,10.3619656,1104.0,725.8,960.0,60,147.2,96.77333333333333
SmartBFT,100,100,0,highimpact-nested,retrieveEvidenceAndLog,UNSPLIT,3,peer,2,26.0068965,242.4,593.5,108.0,60,32.32,79.13333333333334
SmartBFT,100,100,0,highimpact-nested,retrieveEvidenceAndLog,UNSPLIT,4,ca,3,0.000119,0.0012000000000000001,0.0,0.0,60,0.00016,0.0
SmartBFT,100,100,0,highimpact-nested,retrieveEvidenceAndLog,UNSPLIT,4,chaincode,2,8.24,23.847,26.6587,0.0,60,3.1796,3.5544933333333333
SmartBFT,100,100,0,highimpact-nested,retrieveEvidenceAndLog,UNSPLIT,4,couchdb,2,22.378571,20.3,25.21,41.6,60,2.7066666666666666,3.3613333333333335
SmartBFT,100,100,0,highimpact-nested,retrieveEvidenceAndLog,UNSPLIT,4,orderer,10,15.1889285,1097.0,717.4,960.0,60,146.26666666666668,95.65333333333334
SmartBFT,100,100,0,highimpact-nested,retrieveEvidenceAndLog,UNSPLIT,4,peer,2,25.4525,242.3,593.1,108.0,60,32.306666666666665,79.08
SmartBFT,100,100,0,highimpact-nested,retrieveEvidenceAndLog,UNSPLIT,5,ca,3,0.002988333333333333,0.0013,0.0,0.0,60,0.00017333333333333334,0.0
SmartBFT,100,100,0,highimpact-nested,retrieveEvidenceAndLog,UNSPLIT,5,chaincode,2,8.307931,23.874,26.7808,0.0,60,3.1832,3.5707733333333334
SmartBFT,100,100,0,highimpact-nested,retrieveEvidenceAndLog,UNSPLIT,5,couchdb,2,20.334483,20.3,25.21,42.0,60,2.7066666666666666,3.3613333333333335
SmartBFT,100,100,0,highimpact-nested,retrieveEvidenceAndLog,UNSPLIT,5,orderer,10,14.449965600000002,1081.0,702.5,960.0,60,144.13333333333333,93.66666666666667
SmartBFT,100,100,0,highimpact-nested,retrieveEvidenceAndLog,UNSPLIT,5,peer,2,25.824137500000003,242.3,593.4,108.0,60,32.306666666666665,79.11999999999999
SmartBFT,100,100,0,highimpact-nested,submitEvidence,UNSPLIT,1,ca,3,0.0,0.0029,0.0,0.0,60,0.0003866666666666666,0.0
SmartBFT,100,100,0,highimpact-nested,submitEvidence,UNSPLIT,1,chaincode,2,7.911964,39.684,30.0118,0.0,60,5.2912,4.001573333333334
SmartBFT,100,100,0,highimpact-nested,submitEvidence,UNSPLIT,1,couchdb,2,24.0601785,35.911,14.66,51.43000000000001,60,4.788133333333334,1.9546666666666668
SmartBFT,100,100,0,highimpact-nested,submitEvidence,UNSPLIT,1,orderer,10,16.3106785,1430.969,950.726,1215.154,60,190.79586666666668,126.76346666666667
SmartBFT,100,100,0,highimpact-nested,submitEvidence,UNSPLIT,1,peer,2,28.068393,282.98,762.467,129.19,60,37.73066666666667,101.66226666666667
SmartBFT,100,100,0,highimpact-nested,submitEvidence,UNSPLIT,2,ca,3,0.002381,0.0037999999999999996,0.0,0.0,60,0.0005066666666666667,0.0
SmartBFT,100,100,0,highimpact-nested,submitEvidence,UNSPLIT,2,chaincode,2,8.324643,38.98,29.7088,0.0,60,5.197333333333333,3.9611733333333334
SmartBFT,100,100,0,highimpact-nested,submitEvidence,UNSPLIT,2,couchdb,2,25.644464,35.912,14.76,51.43000000000001,60,4.788266666666667,1.968
SmartBFT,100,100,0,highimpact-nested,submitEvidence,UNSPLIT,2,orderer,10,18.2406428,1470.915,989.165,1215.148,60,196.12199999999999,131.88866666666667
SmartBFT,100,100,0,highimpact-nested,submitEvidence,UNSPLIT,2,peer,2,25.867857,280.43,761.384,129.19,60,37.39066666666667,101.51786666666666
SmartBFT,100,100,0,highimpact-nested,submitEvidence,UNSPLIT,3,ca,3,0.000119,0.0021,0.0,0.0,60,0.00028,0.0
SmartBFT,100,100,0,highimpact-nested,submitEvidence,UNSPLIT,3,chaincode,2,8.970714,39.783,30.013460000000002,0.0,60,5.3044,4.001794666666667
SmartBFT,100,100,0,highimpact-nested,submitEvidence,UNSPLIT,3,couchdb,2,25.978213999999998,35.865,14.666,51.790000000000006,60,4.782,1.9554666666666667
SmartBFT,100,100,0,highimpact-nested,submitEvidence,UNSPLIT,3,orderer,10,16.0846428,1404.644,923.865,1216.472,60,187.28586666666666,123.182
SmartBFT,100,100,0,highimpact-nested,submitEvidence,UNSPLIT,3,peer,2,27.5789285,283.69,763.471,129.254,60,37.82533333333333,101.79613333333333
SmartBFT,100,100,0,highimpact-nested,submitEvidence,UNSPLIT,4,ca,3,0.0020236666666666667,0.0013,0.0,0.0,60,0.00017333333333333334,0.0
SmartBFT,100,100,0,highimpact-nested,submitEvidence,UNSPLIT,4,chaincode,2,8.5521425,39.681,30.011,0.0,60,5.2908,4.0014666666666665
SmartBFT,100,100,0,highimpact-nested,submitEvidence,UNSPLIT,4,couchdb,2,26.723571,36.010000000000005,14.67,51.230000000000004,60,4.801333333333334,1.956
SmartBFT,100,100,0,highimpact-nested,submitEvidence,UNSPLIT,4,orderer,10,15.812750099999999,1438.951,958.8149999999999,1215.162,60,191.86013333333332,127.842
SmartBFT,100,100,0,highimpact-nested,submitEvidence,UNSPLIT,4,peer,2,28.7851785,283.08000000000004,762.471,129.19,60,37.74400000000001,101.6628
SmartBFT,100,100,0,highimpact-nested,submitEvidence,UNSPLIT,5,ca,3,0.011494333333333334,0.0024000000000000002,0.0,0.0,60,0.00032,0.0
SmartBFT,100,100,0,highimpact-nested,submitEvidence,UNSPLIT,5,chaincode,2,8.593793,39.583000000000006,29.913359999999997,0.0,60,5.277733333333334,3.9884479999999995
SmartBFT,100,100,0,highimpact-nested,submitEvidence,UNSPLIT,5,couchdb,2,23.068793,35.962,14.674,51.19,60,4.794933333333334,1.9565333333333332
SmartBFT,100,100,0,highimpact-nested,submitEvidence,UNSPLIT,5,orderer,10,14.8129311,1479.752,999.016,1216.472,60,197.30026666666666,133.20213333333334
SmartBFT,100,100,0,highimpact-nested,submitEvidence,UNSPLIT,5,peer,2,26.2610345,282.64,762.527,129.254,60,37.68533333333333,101.67026666666668
SmartBFT,100,100,1,highimpact-nested,retrieveEvidenceAndLog,UNSPLIT,1,ca,3,0.0005746666666666667,0.0017,0.0,0.0,60,0.00022666666666666666,0.0
SmartBFT,100,100,1,highimpact-nested,retrieveEvidenceAndLog,UNSPLIT,1,chaincode,2,9.5717245,23.700000000000003,26.4634,0.0,60,3.1600000000000006,3.528453333333333
SmartBFT,100,100,1,highimpact-nested,retrieveEvidenceAndLog,UNSPLIT,1,couchdb,2,22.124655,20.4,25.42,42.6,60,2.7199999999999998,3.3893333333333335
SmartBFT,100,100,1,highimpact-nested,retrieveEvidenceAndLog,UNSPLIT,1,orderer,10,17.4757241,1534.0,1478.4,1237.0,60,204.53333333333333,197.12
SmartBFT,100,100,1,highimpact-nested,retrieveEvidenceAndLog,UNSPLIT,1,peer,2,26.4989655,265.9,557.1,136.0,60,35.45333333333333,74.28
SmartBFT,100,100,1,highimpact-nested,retrieveEvidenceAndLog,UNSPLIT,2,ca,3,0.0003333333333333333,0.0036999999999999997,0.0,0.0,60,0.0004933333333333333,0.0
SmartBFT,100,100,1,highimpact-nested,retrieveEvidenceAndLog,UNSPLIT,2,chaincode,2,8.218666500000001,23.253,26.3641,0.0,60,3.1004,3.5152133333333335
SmartBFT,100,100,1,highimpact-nested,retrieveEvidenceAndLog,UNSPLIT,2,couchdb,2,23.137667,20.4,25.41,42.8,60,2.7199999999999998,3.388
SmartBFT,100,100,1,highimpact-nested,retrieveEvidenceAndLog,UNSPLIT,2,orderer,10,16.4628333,1973.0,1842.5,1067.0,60,263.06666666666666,245.66666666666666
SmartBFT,100,100,1,highimpact-nested,retrieveEvidenceAndLog,UNSPLIT,2,peer,2,24.846667,256.3,557.1,126.0,60,34.17333333333333,74.28
SmartBFT,100,100,1,highimpact-nested,retrieveEvidenceAndLog,UNSPLIT,3,ca,3,0.002252333333333333,0.0011,0.0,0.0,60,0.00014666666666666666,0.0
SmartBFT,100,100,1,highimpact-nested,retrieveEvidenceAndLog,UNSPLIT,3,chaincode,2,5.9770275,24.9,26.9628,0.0,60,3.32,3.59504
SmartBFT,100,100,1,highimpact-nested,retrieveEvidenceAndLog,UNSPLIT,3,couchdb,2,18.6189185,20.3,25.21,41.6,60,2.7066666666666666,3.3613333333333335
SmartBFT,100,100,1,highimpact-nested,retrieveEvidenceAndLog,UNSPLIT,3,orderer,10,14.7254325,2162.0,1828.9,1034.0,60,288.26666666666665,243.85333333333335
SmartBFT,100,100,1,highimpact-nested,retrieveEvidenceAndLog,UNSPLIT,3,peer,2,22.641756500000003,257.5,560.9,121.8,60,34.333333333333336,74.78666666666666
SmartBFT,100,100,1,highimpact-nested,retrieveEvidenceAndLog,UNSPLIT,4,ca,3,0.002988666666666667,0.0037999999999999996,0.0,0.0,60,0.0005066666666666667,0.0
SmartBFT,100,100,1,highimpact-nested,retrieveEvidenceAndLog,UNSPLIT,4,chaincode,2,8.42569,23.376,26.4831,0.0,60,3.1168,3.53108
SmartBFT,100,100,1,highimpact-nested,retrieveEvidenceAndLog,UNSPLIT,4,couchdb,2,21.340690000000002,20.4,25.4,41.6,60,2.7199999999999998,3.3866666666666663
SmartBFT,100,100,1,highimpact-nested,retrieveEvidenceAndLog,UNSPLIT,4,orderer,10,12.8675173,1484.0,1256.3,994.0,60,197.86666666666667,167.50666666666666
SmartBFT,100,100,1,highimpact-nested,retrieveEvidenceAndLog,UNSPLIT,4,peer,2,25.535,238.4,558.5,108.0,60,31.78666666666667,74.46666666666667
SmartBFT,100,100,1,highimpact-nested,retrieveEvidenceAndLog,UNSPLIT,5,ca,3,0.000729,0.0021,0.0,0.0,60,0.00028,0.0
SmartBFT,100,100,1,highimpact-nested,retrieveEvidenceAndLog,UNSPLIT,5,chaincode,2,6.9498435,24.371,26.8815,0.0,60,3.2494666666666663,3.5842
SmartBFT,100,100,1,highimpact-nested,retrieveEvidenceAndLog,UNSPLIT,5,couchdb,2,19.9656255,20.4,25.21,41.6,60,2.7199999999999998,3.3613333333333335
SmartBFT,100,100,1,highimpact-nested,retrieveEvidenceAndLog,UNSPLIT,5,orderer,10,20.6611563,2242.0,2144.0,1193.0,60,298.93333333333334,285.8666666666667
SmartBFT,100,100,1,highimpact-nested,retrieveEvidenceAndLog,UNSPLIT,5,peer,2,24.982031499999998,288.4,561.5,154.0,60,38.45333333333333,74.86666666666666
SmartBFT,100,100,1,highimpact-nested,submitEvidence,UNSPLIT,1,ca,3,0.0045456666666666675,0.0040999999999999995,0.0,0.0,60,0.0005466666666666665,0.0
SmartBFT,100,100,1,highimpact-nested,submitEvidence,UNSPLIT,1,chaincode,2,6.9057575,40.682,30.3124,0.0,60,5.424266666666667,4.0416533333333335
SmartBFT,100,100,1,highimpact-nested,submitEvidence,UNSPLIT,1,couchdb,2,21.8801515,36.066,14.665,51.39,60,4.808800000000001,1.9553333333333331
SmartBFT,100,100,1,highimpact-nested,submitEvidence,UNSPLIT,1,orderer,10,18.6239695,2253.6549999999997,1854.8480000000002,1644.628,60,300.4873333333333,247.31306666666669
SmartBFT,100,100,1,highimpact-nested,submitEvidence,UNSPLIT,1,peer,2,26.451060499999997,340.89,724.584,186.854,60,45.452,96.6112
SmartBFT,100,100,1,highimpact-nested,submitEvidence,UNSPLIT,2,ca,3,0.010571666666666667,0.0052,0.0,0.0,60,0.0006933333333333333,0.0
SmartBFT,100,100,1,highimpact-nested,submitEvidence,UNSPLIT,2,chaincode,2,6.7522855,40.482,30.2105,0.0,60,5.3976,4.028066666666667
SmartBFT,100,100,1,highimpact-nested,submitEvidence,UNSPLIT,2,couchdb,2,24.1752855,36.066,14.716,51.790000000000006,60,4.808800000000001,1.9621333333333333
SmartBFT,100,100,1,highimpact-nested,submitEvidence,UNSPLIT,2,orderer,10,21.090142800000002,3054.417,2716.372,1946.18,60,407.2556,362.1829333333333
SmartBFT,100,100,1,highimpact-nested,submitEvidence,UNSPLIT,2,peer,2,26.6337145,384.40000000000003,722.684,230.854,60,51.25333333333334,96.35786666666667
SmartBFT,100,100,1,highimpact-nested,submitEvidence,UNSPLIT,3,ca,3,0.0023653333333333334,0.0005,0.0,0.0,60,6.666666666666667e-05,0.0
SmartBFT,100,100,1,highimpact-nested,submitEvidence,UNSPLIT,3,chaincode,2,9.595,39.399,29.8981,0.0,60,5.2532000000000005,3.986413333333333
SmartBFT,100,100,1,highimpact-nested,submitEvidence,UNSPLIT,3,couchdb,2,24.389355000000002,36.173,14.841000000000001,52.59,60,4.823066666666667,1.9788000000000001
SmartBFT,100,100,1,highimpact-nested,submitEvidence,UNSPLIT,3,orderer,10,17.270129,1932.2730000000001,1516.528,1247.816,60,257.63640000000004,202.20373333333333
SmartBFT,100,100,1,highimpact-nested,submitEvidence,UNSPLIT,3,peer,2,26.647903000000003,298.09000000000003,719.566,148.454,60,39.745333333333335,95.94213333333333
SmartBFT,100,100,1,highimpact-nested,submitEvidence,UNSPLIT,4,ca,3,0.000889,0.0001,0.0,0.0,60,1.3333333333333333e-05,0.0
SmartBFT,100,100,1,highimpact-nested,submitEvidence,UNSPLIT,4,chaincode,2,6.9076664999999995,39.285000000000004,29.7133,0.0,60,5.238,3.9617733333333334
SmartBFT,100,100,1,highimpact-nested,submitEvidence,UNSPLIT,4,couchdb,2,24.2913335,36.066,14.824000000000002,51.59,60,4.808800000000001,1.9765333333333335
SmartBFT,100,100,1,highimpact-nested,submitEvidence,UNSPLIT,4,orderer,10,15.4643666,1578.386,1123.838,1155.528,60,210.45146666666668,149.84506666666667
SmartBFT,100,100,1,highimpact-nested,submitEvidence,UNSPLIT,4,peer,2,25.4965,281.98,719.467,132.254,60,37.59733333333334,95.92893333333333
SmartBFT,100,100,1,highimpact-nested,submitEvidence,UNSPLIT,5,ca,3,0.0025806666666666664,0.0013,0.0,0.0,60,0.00017333333333333334,0.0
SmartBFT,100,100,1,highimpact-nested,submitEvidence,UNSPLIT,5,chaincode,2,7.8020965,39.092,29.73313,0.0,60,5.212266666666666,3.964417333333333
SmartBFT,100,100,1,highimpact-nested,submitEvidence,UNSPLIT,5,couchdb,2,23.832742,36.108999999999995,14.87,53.83,60,4.814533333333332,1.9826666666666666
SmartBFT,100,100,1,highimpact-nested,submitEvidence,UNSPLIT,5,orderer,10,18.4282259,1823.828,1430.773,1650.135,60,243.17706666666666,190.76973333333333
SmartBFT,100,100,1,highimpact-nested,submitEvidence,UNSPLIT,5,peer,2,26.181129000000002,337.06,719.941,188.19,60,44.94133333333333,95.99213333333334
SmartBFT,100,100,2,highimpact-nested,retrieveEvidenceAndLog,UNSPLIT,1,ca,3,0.002413666666666667,0.0037999999999999996,0.0,0.0,60,0.0005066666666666667,0.0
SmartBFT,100,100,2,highimpact-nested,retrieveEvidenceAndLog,UNSPLIT,1,chaincode,2,6.8862065,23.344,26.4418,0.0,60,3.1125333333333334,3.5255733333333334
SmartBFT,100,100,2,highimpact-nested,retrieveEvidenceAndLog,UNSPLIT,1,couchdb,2,22.5281035,20.4,25.42,41.6,60,2.7199999999999998,3.3893333333333335
SmartBFT,100,100,2,highimpact-nested,retrieveEvidenceAndLog,UNSPLIT,1,orderer,10,10.648482699999999,1390.0,1247.7,1022.0,60,185.33333333333334,166.36
SmartBFT,100,100,2,highimpact-nested,retrieveEvidenceAndLog,UNSPLIT,1,peer,2,21.6548275,237.2,525.7,108.0,60,31.626666666666665,70.09333333333333
SmartBFT,100,100,2,highimpact-nested,retrieveEvidenceAndLog,UNSPLIT,2,ca,3,0.002299,0.0058,0.0,0.0,60,0.0007733333333333332,0.0
SmartBFT,100,100,2,highimpact-nested,retrieveEvidenceAndLog,UNSPLIT,2,chaincode,2,8.2765515,23.255,26.3637,0.0,60,3.1006666666666667,3.5151600000000003
SmartBFT,100,100,2,highimpact-nested,retrieveEvidenceAndLog,UNSPLIT,2,couchdb,2,19.755862,20.4,25.4,41.6,60,2.7199999999999998,3.3866666666666663
SmartBFT,100,100,2,highimpact-nested,retrieveEvidenceAndLog,UNSPLIT,2,orderer,10,13.2033102,1389.0,1249.4,1038.0,60,185.2,166.58666666666667
SmartBFT,100,100,2,highimpact-nested,retrieveEvidenceAndLog,UNSPLIT,2,peer,2,26.172931,240.3,526.1,110.0,60,32.04,70.14666666666668
SmartBFT,100,100,2,highimpact-nested,retrieveEvidenceAndLog,UNSPLIT,3,ca,3,0.004942666666666667,0.0052,0.0,0.0,60,0.0006933333333333333,0.0
SmartBFT,100,100,2,highimpact-nested,retrieveEvidenceAndLog,UNSPLIT,3,chaincode,2,8.683103000000001,23.254,26.3621,0.0,60,3.1005333333333334,3.514946666666667
SmartBFT,100,100,2,highimpact-nested,retrieveEvidenceAndLog,UNSPLIT,3,couchdb,2,20.333275999999998,20.4,25.41,41.4,60,2.7199999999999998,3.388
SmartBFT,100,100,2,highimpact-nested,retrieveEvidenceAndLog,UNSPLIT,3,orderer,10,14.855138,1521.0,1312.8,1028.0,60,202.8,175.04
SmartBFT,100,100,2,highimpact-nested,retrieveEvidenceAndLog,UNSPLIT,3,peer,2,25.90931,236.3,527.0,108.0,60,31.506666666666668,70.26666666666667
SmartBFT,100,100,2,highimpact-nested,retrieveEvidenceAndLog,UNSPLIT,4,ca,3,0.0028736666666666667,0.0042,0.0,0.0,60,0.00056,0.0
SmartBFT,100,100,2,highimpact-nested,retrieveEvidenceAndLog,UNSPLIT,4,chaincode,2,5.318276,23.246,26.4447,0.0,60,3.0994666666666664,3.52596
SmartBFT,100,100,2,highimpact-nested,retrieveEvidenceAndLog,UNSPLIT,4,couchdb,2,25.1305175,20.5,25.45,42.6,60,2.7333333333333334,3.393333333333333
SmartBFT,100,100,2,highimpact-nested,retrieveEvidenceAndLog,UNSPLIT,4,orderer,10,17.3074137,1827.0,1558.1,1120.0,60,243.6,207.74666666666664
SmartBFT,100,100,2,highimpact-nested,retrieveEvidenceAndLog,UNSPLIT,4,peer,2,22.660345,254.2,526.7,124.0,60,33.89333333333333,70.22666666666667
SmartBFT,100,100,2,highimpact-nested,retrieveEvidenceAndLog,UNSPLIT,5,ca,3,0.0,0.0042,0.0,0.0,60,0.00056,0.0
SmartBFT,100,100,2,highimpact-nested,retrieveEvidenceAndLog,UNSPLIT,5,chaincode,2,7.5151665,23.246000000000002,26.5457,0.0,60,3.099466666666667,3.5394266666666665
SmartBFT,100,100,2,highimpact-nested,retrieveEvidenceAndLog,UNSPLIT,5,couchdb,2,19.265667,20.4,25.42,41.8,60,2.7199999999999998,3.3893333333333335
SmartBFT,100,100,2,highimpact-nested,retrieveEvidenceAndLog,UNSPLIT,5,orderer,10,13.7389665,1480.0,1305.4,1056.0,60,197.33333333333334,174.05333333333334
SmartBFT,100,100,2,highimpact-nested,retrieveEvidenceAndLog,UNSPLIT,5,peer,2,24.3515,241.0,523.7,112.0,60,32.13333333333333,69.82666666666667
SmartBFT,100,100,2,highimpact-nested,submitEvidence,UNSPLIT,1,ca,3,0.0027586666666666666,0.0021,0.0,0.0,60,0.00028,0.0
SmartBFT,100,100,2,highimpact-nested,submitEvidence,UNSPLIT,1,chaincode,2,6.487586,39.282000000000004,29.8139,0.0,60,5.2376000000000005,3.9751866666666666
SmartBFT,100,100,2,highimpact-nested,submitEvidence,UNSPLIT,1,couchdb,2,25.0817245,36.064,14.794999999999998,51.790000000000006,60,4.808533333333333,1.9726666666666663
SmartBFT,100,100,2,highimpact-nested,submitEvidence,UNSPLIT,1,orderer,10,16.8353104,1418.021,1029.12,1138.984,60,189.06946666666667,137.21599999999998
SmartBFT,100,100,2,highimpact-nested,submitEvidence,UNSPLIT,1,peer,2,25.5331035,290.41999999999996,678.4979999999999,141.254,60,38.72266666666666,90.4664
SmartBFT,100,100,2,highimpact-nested,submitEvidence,UNSPLIT,2,ca,3,0.0077083333333333335,0.0159,0.0,0.0,60,0.00212,0.0
SmartBFT,100,100,2,highimpact-nested,submitEvidence,UNSPLIT,2,chaincode,2,5.159375000000001,39.403999999999996,29.7986,0.0,60,5.253866666666666,3.9731466666666666
SmartBFT,100,100,2,highimpact-nested,submitEvidence,UNSPLIT,2,couchdb,2,20.3318755,36.018,14.837,51.43000000000001,60,4.8024000000000004,1.9782666666666666
SmartBFT,100,100,2,highimpact-nested,submitEvidence,UNSPLIT,2,orderer,10,10.9102501,1472.385,1079.991,1036.827,60,196.318,143.9988
SmartBFT,100,100,2,highimpact-nested,submitEvidence,UNSPLIT,2,peer,2,20.9432815,278.42,679.3770000000001,129.19,60,37.12266666666667,90.5836
SmartBFT,100,100,2,highimpact-nested,submitEvidence,UNSPLIT,3,ca,3,0.0018393333333333332,0.0018999999999999998,0.0,0.0,60,0.00025333333333333333,0.0
SmartBFT,100,100,2,highimpact-nested,submitEvidence,UNSPLIT,3,chaincode,2,7.384655,39.281,29.712699999999998,0.0,60,5.237466666666666,3.9616933333333333
SmartBFT,100,100,2,highimpact-nested,submitEvidence,UNSPLIT,3,couchdb,2,21.1393105,36.065,14.825,52.19,60,4.808666666666666,1.9766666666666666
SmartBFT,100,100,2,highimpact-nested,submitEvidence,UNSPLIT,3,orderer,10,15.3998965,1685.215,1308.385,1090.28,60,224.6953333333333,174.45133333333334
SmartBFT,100,100,2,highimpact-nested,submitEvidence,UNSPLIT,3,peer,2,25.689138,291.03,681.473,141.454,60,38.803999999999995,90.86306666666665
SmartBFT,100,100,2,highimpact-nested,submitEvidence,UNSPLIT,4,ca,3,0.0016666666666666668,0.0086,0.0,0.0,60,0.0011466666666666667,0.0
SmartBFT,100,100,2,highimpact-nested,submitEvidence,UNSPLIT,4,chaincode,2,10.8705,39.387,29.8152,0.0,60,5.2516,3.9753600000000002
SmartBFT,100,100,2,highimpact-nested,submitEvidence,UNSPLIT,4,couchdb,2,26.5691665,36.163,14.824000000000002,52.39,60,4.8217333333333325,1.9765333333333335
SmartBFT,100,100,2,highimpact-nested,submitEvidence,UNSPLIT,4,orderer,10,14.671366599999999,1727.505,1322.746,1118.776,60,230.334,176.36613333333335
SmartBFT,100,100,2,highimpact-nested,submitEvidence,UNSPLIT,4,peer,2,26.147166499999997,294.59000000000003,679.561,145.454,60,39.27866666666667,90.60813333333334
SmartBFT,100,100,2,highimpact-nested,submitEvidence,UNSPLIT,5,ca,3,0.0013636666666666667,0.0018,0.0,0.0,60,0.00024,0.0
SmartBFT,100,100,2,highimpact-nested,submitEvidence,UNSPLIT,5,chaincode,2,5.5998865,40.900999999999996,30.40005,0.0,60,5.4534666666666665,4.05334
SmartBFT,100,100,2,highimpact-nested,submitEvidence,UNSPLIT,5,couchdb,2,15.508182000000001,36.073,14.673,51.59,60,4.809733333333333,1.9564
SmartBFT,100,100,2,highimpact-nested,submitEvidence,UNSPLIT,5,orderer,10,16.8428409,3541.123,3201.471,1530.676,60,472.14973333333336,426.8628
SmartBFT,100,100,2,highimpact-nested,submitEvidence,UNSPLIT,5,peer,2,18.83375,349.84000000000003,687.582,181.35399999999998,60,46.64533333333334,91.6776
SmartBFT,100,100,3,highimpact-nested,retrieveEvidenceAndLog,UNSPLIT,1,ca,3,0.0045980000000000005,0.0058,0.0,0.0,60,0.0007733333333333332,0.0
SmartBFT,100,100,3,highimpact-nested,retrieveEvidenceAndLog,UNSPLIT,1,chaincode,2,7.489828,23.855,26.5653,0.0,60,3.1806666666666668,3.54204
SmartBFT,100,100,3,highimpact-nested,retrieveEvidenceAndLog,UNSPLIT,1,couchdb,2,21.4289655,20.4,25.32,41.8,60,2.7199999999999998,3.376
SmartBFT,100,100,3,highimpact-nested,retrieveEvidenceAndLog,UNSPLIT,1,orderer,10,9.949069,1400.0,1138.4,1053.0,60,186.66666666666666,151.7866666666667
SmartBFT,100,100,3,highimpact-nested,retrieveEvidenceAndLog,UNSPLIT,1,peer,2,24.712414,237.3,496.4,108.0,60,31.64,66.18666666666667
SmartBFT,100,100,3,highimpact-nested,retrieveEvidenceAndLog,UNSPLIT,2,ca,3,0.0022616666666666666,0.0011,0.0,0.0,60,0.00014666666666666666,0.0
SmartBFT,100,100,3,highimpact-nested,retrieveEvidenceAndLog,UNSPLIT,2,chaincode,2,8.2457145,23.927000000000003,26.626,0.0,60,3.190266666666667,3.5501333333333336
SmartBFT,100,100,3,highimpact-nested,retrieveEvidenceAndLog,UNSPLIT,2,couchdb,2,22.963393,20.4,25.270000000000003,42.0,60,2.7199999999999998,3.369333333333334
SmartBFT,100,100,3,highimpact-nested,retrieveEvidenceAndLog,UNSPLIT,2,orderer,10,14.4983216,1462.0,1101.8,1053.0,60,194.93333333333334,146.90666666666667
SmartBFT,100,100,3,highimpact-nested,retrieveEvidenceAndLog,UNSPLIT,2,peer,2,28.22,238.1,495.2,108.0,60,31.746666666666666,66.02666666666667
SmartBFT,100,100,3,highimpact-nested,retrieveEvidenceAndLog,UNSPLIT,3,ca,3,0.0038096666666666665,0.0076,0.0,0.0,60,0.0010133333333333333,0.0
SmartBFT,100,100,3,highimpact-nested,retrieveEvidenceAndLog,UNSPLIT,3,chaincode,2,7.4542855,23.366,26.4642,0.0,60,3.115466666666667,3.52856
SmartBFT,100,100,3,highimpact-nested,retrieveEvidenceAndLog,UNSPLIT,3,couchdb,2,22.4525,20.4,25.41,41.4,60,2.7199999999999998,3.388
SmartBFT,100,100,3,highimpact-nested,retrieveEvidenceAndLog,UNSPLIT,3,orderer,10,12.5328929,1424.0,1184.8,1059.0,60,189.86666666666667,157.97333333333333
SmartBFT,100,100,3,highimpact-nested,retrieveEvidenceAndLog,UNSPLIT,3,peer,2,24.868036,236.3,494.4,108.0,60,31.506666666666668,65.92
SmartBFT,100,100,3,highimpact-nested,retrieveEvidenceAndLog,UNSPLIT,4,ca,3,0.004047666666666666,0.0032,0.0,0.0,60,0.00042666666666666667,0.0
SmartBFT,100,100,3,highimpact-nested,retrieveEvidenceAndLog,UNSPLIT,4,chaincode,2,7.4855355,23.381,26.3832,0.0,60,3.1174666666666666,3.51776
SmartBFT,100,100,3,highimpact-nested,retrieveEvidenceAndLog,UNSPLIT,4,couchdb,2,22.5778575,20.4,25.42,41.6,60,2.7199999999999998,3.3893333333333335
SmartBFT,100,100,3,highimpact-nested,retrieveEvidenceAndLog,UNSPLIT,4,orderer,10,14.133249900000001,1422.0,1172.7,1073.0,60,189.6,156.36
SmartBFT,100,100,3,highimpact-nested,retrieveEvidenceAndLog,UNSPLIT,4,peer,2,25.342678499999998,239.4,496.5,110.0,60,31.92,66.2
SmartBFT,100,100,3,highimpact-nested,retrieveEvidenceAndLog,UNSPLIT,5,ca,3,0.00011499999999999999,0.0045000000000000005,0.0,0.0,60,0.0006000000000000001,0.0
SmartBFT,100,100,3,highimpact-nested,retrieveEvidenceAndLog,UNSPLIT,5,chaincode,2,8.210862,23.76,26.5572,0.0,60,3.168,3.54096
SmartBFT,100,100,3,highimpact-nested,retrieveEvidenceAndLog,UNSPLIT,5,couchdb,2,25.4013795,20.5,25.310000000000002,41.8,60,2.7333333333333334,3.374666666666667
SmartBFT,100,100,3,highimpact-nested,retrieveEvidenceAndLog,UNSPLIT,5,orderer,10,10.3767587,1380.0,1176.5,1056.0,60,184.0,156.86666666666667
SmartBFT,100,100,3,highimpact-nested,retrieveEvidenceAndLog,UNSPLIT,5,peer,2,25.431724000000003,237.4,496.5,108.0,60,31.653333333333332,66.2
SmartBFT,100,100,3,highimpact-nested,submitEvidence,UNSPLIT,1,ca,3,0.0,0.006500000000000001,0.0,0.0,60,0.0008666666666666667,0.0
SmartBFT,100,100,3,highimpact-nested,submitEvidence,UNSPLIT,1,chaincode,2,8.8767245,39.684,29.8141,0.0,60,5.2912,3.9752133333333335
SmartBFT,100,100,3,highimpact-nested,submitEvidence,UNSPLIT,1,couchdb,2,23.697414000000002,36.065,14.764,51.39,60,4.808666666666666,1.9685333333333332
SmartBFT,100,100,3,highimpact-nested,submitEvidence,UNSPLIT,1,orderer,10,12.8603793,1227.142,857.542,954.1279999999999,60,163.61893333333333,114.33893333333334
SmartBFT,100,100,3,highimpact-nested,submitEvidence,UNSPLIT,1,peer,2,25.711207,278.59000000000003,642.47,129.254,60,37.14533333333334,85.66266666666667
SmartBFT,100,100,3,highimpact-nested,submitEvidence,UNSPLIT,2,ca,3,0.00011499999999999999,0.0029,0.0,0.0,60,0.0003866666666666666,0.0
SmartBFT,100,100,3,highimpact-nested,submitEvidence,UNSPLIT,2,chaincode,2,6.1872415,39.395,29.8953,0.0,60,5.252666666666667,3.98604
SmartBFT,100,100,3,highimpact-nested,submitEvidence,UNSPLIT,2,couchdb,2,26.6927585,36.065,14.814,51.790000000000006,60,4.808666666666666,1.9752
SmartBFT,100,100,3,highimpact-nested,submitEvidence,UNSPLIT,2,orderer,10,15.001103600000002,1254.056,899.735,981.5319999999999,60,167.20746666666668,119.96466666666667
SmartBFT,100,100,3,highimpact-nested,submitEvidence,UNSPLIT,2,peer,2,26.4248275,281.58000000000004,639.468,133.454,60,37.544000000000004,85.2624
SmartBFT,100,100,3,highimpact-nested,submitEvidence,UNSPLIT,3,ca,3,0.004318333333333334,0.0036999999999999997,0.0,0.0,60,0.0004933333333333333,0.0
SmartBFT,100,100,3,highimpact-nested,submitEvidence,UNSPLIT,3,chaincode,2,4.8913635,40.882999999999996,30.315700000000003,0.0,60,5.451066666666666,4.042093333333334
SmartBFT,100,100,3,highimpact-nested,submitEvidence,UNSPLIT,3,couchdb,2,15.9154545,36.064,14.646,51.39,60,4.808533333333333,1.9528
SmartBFT,100,100,3,highimpact-nested,submitEvidence,UNSPLIT,3,orderer,10,14.712727300000001,2657.12,2325.852,1135.68,60,354.28266666666667,310.11359999999996
SmartBFT,100,100,3,highimpact-nested,submitEvidence,UNSPLIT,3,peer,2,18.1525,304.5,646.588,151.454,60,40.6,86.21173333333333
SmartBFT,100,100,3,highimpact-nested,submitEvidence,UNSPLIT,4,ca,3,0.0020236666666666667,0.0001,0.0,0.0,60,1.3333333333333333e-05,0.0
SmartBFT,100,100,3,highimpact-nested,submitEvidence,UNSPLIT,4,chaincode,2,8.8375,39.583,29.9127,0.0,60,5.277733333333333,3.98836
SmartBFT,100,100,3,highimpact-nested,submitEvidence,UNSPLIT,4,couchdb,2,25.296428499999998,36.111999999999995,14.8,51.629999999999995,60,4.814933333333332,1.9733333333333334
SmartBFT,100,100,3,highimpact-nested,submitEvidence,UNSPLIT,4,orderer,10,12.1015,1262.887,909.699,999.432,60,168.38493333333332,121.2932
SmartBFT,100,100,3,highimpact-nested,submitEvidence,UNSPLIT,4,peer,2,25.184643,283.77,642.356,134.99,60,37.836,85.64746666666666
SmartBFT,100,100,3,highimpact-nested,submitEvidence,UNSPLIT,5,ca,3,0.0005073333333333333,0.0057,0.0,0.0,60,0.00076,0.0
SmartBFT,100,100,3,highimpact-nested,submitEvidence,UNSPLIT,5,chaincode,2,5.775326000000001,40.492,30.2192,0.0,60,5.398933333333333,4.029226666666667
SmartBFT,100,100,3,highimpact-nested,submitEvidence,UNSPLIT,5,couchdb,2,14.0176085,36.064,14.693999999999999,50.19,60,4.808533333333333,1.9591999999999998
SmartBFT,100,100,3,highimpact-nested,submitEvidence,UNSPLIT,5,orderer,10,16.0195435,2799.543,2453.27,1069.532,60,373.2724,327.10266666666666
SmartBFT,100,100,3,highimpact-nested,submitEvidence,UNSPLIT,5,peer,2,19.3175,292.46999999999997,643.552,140.054,60,38.995999999999995,85.80693333333333
